DROP TABLE IF EXISTS categories;

CREATE TABLE `categories` (
  `id` bigint(20) unsigned NOT NULL AUTO_INCREMENT,
  `slug` varchar(191) COLLATE utf8mb4_unicode_ci NOT NULL,
  `icon` varchar(191) COLLATE utf8mb4_unicode_ci DEFAULT NULL,
  `image` varchar(191) COLLATE utf8mb4_unicode_ci DEFAULT NULL,
  `banner` varchar(191) COLLATE utf8mb4_unicode_ci DEFAULT NULL,
  `parent_id` bigint(20) unsigned DEFAULT NULL,
  `is_active` tinyint(1) NOT NULL DEFAULT 1,
  `created_at` timestamp NULL DEFAULT NULL,
  `updated_at` timestamp NULL DEFAULT NULL,
  PRIMARY KEY (`id`),
  UNIQUE KEY `categories_slug_unique` (`slug`),
  KEY `categories_parent_id_foreign` (`parent_id`),
  CONSTRAINT `categories_parent_id_foreign` FOREIGN KEY (`parent_id`) REFERENCES `categories` (`id`) ON DELETE CASCADE
) ENGINE=InnoDB AUTO_INCREMENT=128 DEFAULT CHARSET=utf8mb4 COLLATE=utf8mb4_unicode_ci;

INSERT INTO categories VALUES('4','food','<i class=\"icofont-food-basket\"></i>','162211069760af71e9a0a6c.png','1644313028620239c4b27da.jpg','','1','2021-05-24 09:50:15','2022-02-08 15:37:08');
INSERT INTO categories VALUES('6','beauty-health','<i class=\"icofont-muscle-weight\"></i>','162211077360af72357aa52.png','','','1','2021-05-25 14:38:12','2021-07-15 12:24:21');
INSERT INTO categories VALUES('7','baby-care','<i class=\"icofont-baby-food\"></i>','162211081060af725a7788c.png','','','1','2021-05-25 14:57:59','2021-07-15 12:23:28');
INSERT INTO categories VALUES('8','hygiene','<i class=\"icofont-laboratory\"></i>','162211084560af727d1fde5.png','','','1','2021-05-26 14:17:04','2021-07-15 12:22:58');
INSERT INTO categories VALUES('9','home-cleaning','<i class=\"icofont-water-bottle\"></i>','162211088360af72a36252e.png','','','1','2021-05-26 14:29:41','2021-07-15 12:21:23');
INSERT INTO categories VALUES('11','medicine','<i class=\"icofont-medicine\"></i>','162211092260af72cab9a9e.png','','','0','2021-05-26 16:04:29','2022-03-09 15:27:25');
INSERT INTO categories VALUES('12','breakfast','','default-cat.png','16443116136202343da491c.webp','4','1','2021-05-27 09:05:24','2022-02-08 15:13:34');
INSERT INTO categories VALUES('13','health-care','','default-cat.png','','6','1','2021-05-27 09:05:54','2021-05-27 09:05:54');
INSERT INTO categories VALUES('14','office-products','<i class=\"icofont-ui-office\"></i>','162211111160af73870b8bd.png','','','0','2021-05-27 10:25:11','2022-03-09 15:27:49');
INSERT INTO categories VALUES('15','kitchen-appliances','<i class=\"icofont-spoon-and-fork\"></i>','16279067076107e29307a93.png','','','0','2021-05-27 10:27:09','2022-03-09 15:27:10');
INSERT INTO categories VALUES('27','snacks','','default-cat.png','','4','1','2022-01-16 15:28:33','2022-01-16 15:28:33');
INSERT INTO categories VALUES('30','fruits-vegetabels','','164241312361e53c43e4559.jpg','','4','1','2022-01-17 15:52:04','2022-01-17 15:52:04');
INSERT INTO categories VALUES('31','fresh-fruits','','164241327361e53cd9cf6a3.jpg','','30','1','2022-01-17 15:54:34','2022-01-17 15:54:34');
INSERT INTO categories VALUES('32','vegitables','','164241332661e53d0e1717f.jpg','','30','1','2022-01-17 15:55:26','2022-01-17 15:55:26');
INSERT INTO categories VALUES('33','noodles','','164241339161e53d4f82034.jpg','','27','1','2022-01-17 15:56:31','2022-01-17 15:56:31');
INSERT INTO categories VALUES('34','soups','','164241345461e53d8e04c22.jpg','','27','1','2022-01-17 15:57:34','2022-01-17 15:57:34');
INSERT INTO categories VALUES('35','pasta','','164241350661e53dc2207df.jpg','','27','1','2022-01-17 15:58:26','2022-01-17 15:58:26');
INSERT INTO categories VALUES('36','candy','','1648962035624929f3a7bf2.jpg','','27','1','2022-01-17 15:59:44','2022-04-03 11:00:35');
INSERT INTO categories VALUES('37','chips-pretzels','','164241378061e53ed48e125.jpeg','','27','1','2022-01-17 16:03:00','2022-01-17 16:03:00');
INSERT INTO categories VALUES('38','popcorn-nuts','','164241383361e53f092efe4.jpg','','27','1','2022-01-17 16:03:53','2022-01-17 16:03:53');
INSERT INTO categories VALUES('39','biscuits','','164241389161e53f432547d.jpg','','27','1','2022-01-17 16:04:51','2022-01-17 16:04:51');
INSERT INTO categories VALUES('40','dairy','','164241393161e53f6b8afd9.jpg','','4','1','2022-01-17 16:05:31','2022-01-17 16:05:31');
INSERT INTO categories VALUES('41','liquid-uht-milk','','164241398661e53fa23ffc5.jpg','','40','1','2022-01-17 16:06:26','2022-01-17 16:06:26');
INSERT INTO categories VALUES('43','powder-milk-cream','','164241410461e54018b7891.jpg','','40','1','2022-01-17 16:08:24','2022-01-17 16:08:24');
INSERT INTO categories VALUES('44','yogurt-sweet','','164241416361e54053ce938.jpg','164371561061f91c1a7e936.PNG','40','1','2022-01-17 16:09:23','2022-02-01 17:40:10');
INSERT INTO categories VALUES('45','frozen-canned','','164241420661e5407e0daa9.webp','','4','0','2022-01-17 16:10:06','2022-03-15 17:22:56');
INSERT INTO categories VALUES('46','ice-cream','','164241427461e540c2bb2de.jpg','','45','0','2022-01-17 16:11:14','2022-02-01 17:43:57');
INSERT INTO categories VALUES('47','frozen-snacks','','164241448861e54198bc18c.jpg','','45','1','2022-01-17 16:14:48','2022-01-17 16:14:48');
INSERT INTO categories VALUES('48','canned-food','','164241452561e541bdaf264.jpg','','45','1','2022-01-17 16:15:25','2022-01-17 16:15:25');
INSERT INTO categories VALUES('49','bread-bakery','','164241468761e5425f00be1.png','','4','1','2022-01-17 16:18:07','2022-01-17 16:18:07');
INSERT INTO categories VALUES('50','cookies','','164241478161e542bda26ed.jpg','','49','1','2022-01-17 16:19:41','2022-01-17 16:19:41');
INSERT INTO categories VALUES('51','bakery-snacks','','164241485761e5430939098.jpg','','49','1','2022-01-17 16:20:57','2022-01-17 16:20:57');
INSERT INTO categories VALUES('52','breads','','164241489361e5432d1e9ab.jpg','','49','1','2022-01-17 16:21:33','2022-01-17 16:21:33');
INSERT INTO categories VALUES('53','honey','','164241493861e5435a6f4d3.jpg','','49','1','2022-01-17 16:22:18','2022-01-17 16:22:18');
INSERT INTO categories VALUES('54','cakes','','164241499361e54391498d5.jpg','','49','1','2022-01-17 16:23:13','2022-01-17 16:23:13');
INSERT INTO categories VALUES('55','cooking','','164241504361e543c34e74e.jpg','164328444461f287dc9b54d.jpg','4','1','2022-01-17 16:24:03','2022-01-27 17:54:04');
INSERT INTO categories VALUES('56','rice','','164241511661e5440cba1b1.jpg','','55','1','2022-01-17 16:25:16','2022-01-17 16:25:16');
INSERT INTO categories VALUES('57','spices','','164241516361e5443b26ac1.webp','164689377462299ace2c168.webp','55','1','2022-01-17 16:26:03','2022-03-10 12:29:34');
INSERT INTO categories VALUES('58','oil','','164241520061e54460bc9ff.jpg','','55','1','2022-01-17 16:26:41','2022-01-17 16:26:41');
INSERT INTO categories VALUES('59','ghee','','164241668261e54a2af237f.jpg','','55','1','2022-01-17 16:51:23','2022-01-17 16:51:23');
INSERT INTO categories VALUES('60','salt-mix','','164241674861e54a6c4d374.webp','','55','1','2022-01-17 16:52:28','2022-01-17 16:52:28');
INSERT INTO categories VALUES('61','salt-sugar','','164241679361e54a99219c9.jpg','','55','1','2022-01-17 16:53:13','2022-01-17 16:53:13');
INSERT INTO categories VALUES('62','dal','','164241683761e54ac5f010d.jpg','','55','1','2022-01-17 16:53:58','2022-01-17 16:53:58');
INSERT INTO categories VALUES('63','shemai-suji','','164241687361e54ae9d5fd2.jpg','','55','1','2022-01-17 16:54:33','2022-01-17 16:54:33');
INSERT INTO categories VALUES('64','diabetic-food','','164241691661e54b14b6e40.jpg','','4','1','2022-01-17 16:55:16','2022-01-17 16:55:16');
INSERT INTO categories VALUES('65','meat-fish','','164241695861e54b3eaac62.jpg','','4','1','2022-01-17 16:55:58','2022-01-17 16:55:58');
INSERT INTO categories VALUES('66','meat','','164241698861e54b5cbafc8.jpg','','65','1','2022-01-17 16:56:28','2022-01-17 16:56:28');
INSERT INTO categories VALUES('67','fish','','164241715361e54c01206ff.webp','','65','1','2022-01-17 16:59:13','2022-01-17 16:59:13');
INSERT INTO categories VALUES('68','food-supplements','','164241728461e54c84cd572.jpg','','13','1','2022-01-17 17:01:24','2022-01-17 17:03:14');
INSERT INTO categories VALUES('69','herbal-digestive-aid','','164241732361e54cab67c37.png','','13','1','2022-01-17 17:02:03','2022-01-17 17:03:00');
INSERT INTO categories VALUES('70','first-aid','','164241779161e54e7f8f0f7.jpg','','13','1','2022-01-17 17:09:51','2022-01-17 17:09:51');
INSERT INTO categories VALUES('71','adult-diapers','','164241795061e54f1ee3605.jpg','','13','1','2022-01-17 17:12:31','2022-01-17 17:12:31');
INSERT INTO categories VALUES('72','personal-care','','164241800561e54f55b24cc.jpg','','6','1','2022-01-17 17:13:25','2022-01-17 17:13:25');
INSERT INTO categories VALUES('73','clothing-essentials','','164241913661e553c0c2282.webp','','72','1','2022-01-17 17:32:16','2022-01-17 17:32:16');
INSERT INTO categories VALUES('74','handwash','','164241954861e5555cef01a.jpg','1646815607622869771f8c7.jpg','8','1','2022-01-17 17:39:09','2022-03-09 14:46:47');
INSERT INTO categories VALUES('75','tissue-wipes','','164242130561e55c39b945a.jpg','','72','1','2022-01-17 17:42:00','2022-01-17 18:08:25');
INSERT INTO categories VALUES('76','talcom-powder','','164242136961e55c799fd2c.webp','','72','1','2022-01-17 18:09:29','2022-01-17 18:09:29');
INSERT INTO categories VALUES('77','newborn-essentials','','164242145961e55cd3d8c1d.png','','7','1','2022-01-17 18:10:59','2022-01-17 18:10:59');
INSERT INTO categories VALUES('78','feeders','','164242152561e55d153ad00.webp','','7','1','2022-01-17 18:12:05','2022-01-17 18:12:05');
INSERT INTO categories VALUES('79','bath-skincare','','default-cat.png','','7','1','2022-01-17 18:12:34','2022-01-17 18:12:34');
INSERT INTO categories VALUES('80','baby-oral-care','','default-cat.png','','7','1','2022-01-17 18:12:43','2022-01-17 18:12:43');
INSERT INTO categories VALUES('81','pet-care','<i class=\"icofont-cat-dog\"></i>','164249361661e676b0ab546.jpg','','','0','2022-01-18 14:10:32','2022-03-09 15:26:25');
INSERT INTO categories VALUES('82','kitten-food','','164249347861e676260fae8.jpg','','81','1','2022-01-18 14:11:18','2022-01-18 14:11:18');
INSERT INTO categories VALUES('83','cat-food','','164249352361e6765364dd3.jpg','','81','1','2022-01-18 14:12:03','2022-01-18 14:12:03');
INSERT INTO categories VALUES('84','dog-food','','164249355761e67675cd222.jpg','','81','1','2022-01-18 14:12:37','2022-01-18 14:12:37');
INSERT INTO categories VALUES('85','other-pet-foods','','164249359661e6769ce2302.png','','81','1','2022-01-18 14:13:16','2022-01-18 14:13:16');
INSERT INTO categories VALUES('86','pet-accessories','','164249369861e677025be00.png','','81','1','2022-01-18 14:14:58','2022-01-18 14:14:58');
INSERT INTO categories VALUES('87','air-fresheners','','164249376461e67744ca50c.jpg','','9','1','2022-01-18 14:16:04','2022-01-18 14:16:04');
INSERT INTO categories VALUES('88','dish-detergents','','164249380161e6776905292.jpg','','9','1','2022-01-18 14:16:41','2022-01-18 14:16:41');
INSERT INTO categories VALUES('89','napkins','','164249393361e677ed332d6.jpg','','9','1','2022-01-18 14:18:53','2022-01-18 14:18:53');
INSERT INTO categories VALUES('90','pest-control','','164249405361e67865e598e.jpg','164680840262284d523d50e.jpg','9','1','2022-01-18 14:20:53','2022-03-09 12:46:42');
INSERT INTO categories VALUES('91','food-storage','','164249414761e678c3e4c54.jpg','','9','1','2022-01-18 14:22:27','2022-01-18 14:22:27');
INSERT INTO categories VALUES('92','batteries','','164249427661e6794437457.jpg','','14','1','2022-01-18 14:24:36','2022-01-18 14:24:36');
INSERT INTO categories VALUES('93','writing-drawing','','164249432661e67976d3d6d.jpg','','14','1','2022-01-18 14:25:26','2022-01-18 14:25:26');
INSERT INTO categories VALUES('94','colours','','164249442361e679d73a4f2.jpg','','93','1','2022-01-18 14:27:03','2022-01-18 14:28:49');
INSERT INTO categories VALUES('95','pens','','164249449861e67a2298df2.webp','','93','1','2022-01-18 14:28:18','2022-01-18 14:28:34');
INSERT INTO categories VALUES('96','highlighters-markers','','164249475861e67b26beff0.png','','93','1','2022-01-18 14:32:38','2022-01-18 14:32:38');
INSERT INTO categories VALUES('97','notebooks','','164249485461e67b8607df1.jpg','','93','1','2022-01-18 14:34:14','2022-01-18 14:34:14');
INSERT INTO categories VALUES('98','organizing','','default-cat.png','','14','1','2022-01-18 14:36:24','2022-01-18 14:36:24');
INSERT INTO categories VALUES('99','glue-tapes','','164249504161e67c4177256.webp','','98','1','2022-01-18 14:37:21','2022-01-18 14:37:21');
INSERT INTO categories VALUES('100','files-folders','','164249511261e67c882a002.jpg','','98','1','2022-01-18 14:38:32','2022-01-18 14:38:32');
INSERT INTO categories VALUES('101','printing','','164249517161e67cc3830ea.jpg','164328410161f286851bece.jpg','14','1','2022-01-18 14:39:31','2022-01-27 17:48:21');
INSERT INTO categories VALUES('102','paper','','164249520461e67ce450661.jpg','','101','1','2022-01-18 14:40:04','2022-01-18 14:40:04');
INSERT INTO categories VALUES('103','toner-ink','','164249524361e67d0bb8069.jpg','','101','1','2022-01-18 14:40:43','2022-01-18 14:40:43');
INSERT INTO categories VALUES('104','home-applications','<i class=\"icofont-ui-home\"></i>','164249557061e67e5204448.png','','','1','2022-01-18 14:46:10','2022-04-04 11:26:45');
INSERT INTO categories VALUES('105','lights-electrical','','164249563261e67e90ec5d2.jpg','','104','1','2022-01-18 14:47:13','2022-01-18 14:47:13');
INSERT INTO categories VALUES('106','tools-hardware','','164249568261e67ec2879c2.jpg','','104','1','2022-01-18 14:48:02','2022-01-18 14:48:02');
INSERT INTO categories VALUES('107','vehicle-essentials','<i class=\"icofont-car-alt-1\"></i>','164249583861e67f5e57afc.jpg','','','0','2022-01-18 14:50:38','2022-03-09 15:26:51');
INSERT INTO categories VALUES('108','organic-items','<i class=\"icofont-fruits\"></i>','164249590561e67fa1dc237.jpg','','','1','2022-01-18 14:51:45','2022-01-18 14:51:45');
INSERT INTO categories VALUES('109','ready-mix','','164689020262298cda5282d.png','1646891454622991bea6c83.PNG','55','1','2022-01-26 17:18:24','2022-03-10 11:50:54');
INSERT INTO categories VALUES('110','cheese','','164371352461f913f416c88.webp','164371352461f913f43f1cd.webp','40','1','2022-02-01 17:05:24','2022-02-01 17:05:24');
INSERT INTO categories VALUES('112','soap','','16444816736204cc89b64ec.jpg','16444817726204ccec3f071.jpg','6','1','2022-02-10 14:27:54','2022-02-10 14:29:32');
INSERT INTO categories VALUES('113','skin-soap','','16444827076204d093aaa46.jpg','16444827076204d093ae901.jpg','112','1','2022-02-10 14:45:07','2022-02-10 14:45:07');
INSERT INTO categories VALUES('114','laundry-soap','','16444828266204d10a031dc.webp','16444828266204d10a074c8.webp','112','1','2022-02-10 14:47:06','2022-02-10 14:47:06');
INSERT INTO categories VALUES('115','laundry','','16444932716204f9d7c288e.webp','16444932716204f9d7f1e27.webp','9','1','2022-02-10 17:41:12','2022-02-10 17:41:12');
INSERT INTO categories VALUES('116','tea-coffee','','1644659961620784f9030e4.webp','1644659961620784f90d444.webp','27','1','2022-02-12 15:59:21','2022-02-12 15:59:21');
INSERT INTO categories VALUES('117','shampo','','164466167262078ba824617.webp','164466167262078ba8278ab.webp','6','1','2022-02-12 16:27:52','2022-02-12 16:27:52');
INSERT INTO categories VALUES('120','oral-care','','1646891704622992b86a4e3.jpg','1646891704622992b87110b.webp','6','1','2022-03-09 12:36:15','2022-03-10 11:55:04');
INSERT INTO categories VALUES('121','salad-dressing','','1647258454622f2b560da49.webp','1647258454622f2b56114c5.webp','27','1','2022-03-14 17:47:34','2022-03-14 17:47:34');
INSERT INTO categories VALUES('122','eggs','','164778278862372b8422471.jpg','default-banner.png','40','1','2022-03-20 19:26:28','2022-03-20 19:26:28');
INSERT INTO categories VALUES('123','sauces','','1647850976623835e0f2cf5.png','16478510826238364a17935.jpg','27','1','2022-03-21 14:22:57','2022-03-21 14:24:42');
INSERT INTO categories VALUES('124','drinks','','164895861362491c95c6ddb.jpg','1648959673624920b9e3add.jpg','4','1','2022-04-03 10:03:34','2022-04-03 10:21:13');
INSERT INTO categories VALUES('125','soft-drinks','','1648959849624921691225b.png','164895984962492169167f0.webp','124','1','2022-04-03 10:24:09','2022-04-03 10:24:09');
INSERT INTO categories VALUES('126','syrups-powder-drinks','','1648960561624924315cfab.jpg','164896056162492431618b1.webp','124','1','2022-04-03 10:34:53','2022-04-03 10:36:01');
INSERT INTO categories VALUES('127','dried-fruits','','1648982148624978842cfb7.jpg','164898214862497884315dd.jpg','30','1','2022-04-03 16:35:48','2022-04-03 16:36:46');



DROP TABLE IF EXISTS category_translations;

CREATE TABLE `category_translations` (
  `id` bigint(20) unsigned NOT NULL AUTO_INCREMENT,
  `category_id` bigint(20) unsigned NOT NULL,
  `locale` varchar(191) COLLATE utf8mb4_unicode_ci NOT NULL,
  `name` varchar(191) COLLATE utf8mb4_unicode_ci NOT NULL,
  `description` text COLLATE utf8mb4_unicode_ci DEFAULT NULL,
  `created_at` timestamp NULL DEFAULT NULL,
  `updated_at` timestamp NULL DEFAULT NULL,
  PRIMARY KEY (`id`),
  UNIQUE KEY `category_translations_category_id_locale_unique` (`category_id`,`locale`),
  CONSTRAINT `category_translations_category_id_foreign` FOREIGN KEY (`category_id`) REFERENCES `categories` (`id`) ON DELETE CASCADE
) ENGINE=InnoDB AUTO_INCREMENT=124 DEFAULT CHARSET=utf8mb4 COLLATE=utf8mb4_unicode_ci;

INSERT INTO category_translations VALUES('1','4','English','Food','All Types Of Food','2021-05-24 10:23:15','2021-05-24 10:23:15');
INSERT INTO category_translations VALUES('3','6','English','Beauty & Health','','2021-05-25 14:38:12','2021-05-25 14:38:12');
INSERT INTO category_translations VALUES('4','7','English','Baby Care','','2021-05-25 14:57:59','2021-05-25 14:57:59');
INSERT INTO category_translations VALUES('5','8','English','Hygiene','','2021-05-26 14:17:04','2021-05-26 14:17:04');
INSERT INTO category_translations VALUES('6','9','English','Home & Cleaning','','2021-05-26 14:29:41','2021-05-26 14:29:41');
INSERT INTO category_translations VALUES('7','11','English','Medicine','','2021-05-26 16:04:29','2021-05-26 16:04:29');
INSERT INTO category_translations VALUES('8','12','English','Breakfast','','2021-05-27 09:05:24','2021-05-27 09:05:24');
INSERT INTO category_translations VALUES('9','13','English','Health Care','','2021-05-27 09:05:54','2021-05-27 09:05:54');
INSERT INTO category_translations VALUES('10','14','English','Office Products','','2021-05-27 10:25:11','2021-05-27 10:25:11');
INSERT INTO category_translations VALUES('11','15','English','Kitchen Appliances','','2021-05-27 10:27:09','2021-05-27 10:27:09');
INSERT INTO category_translations VALUES('23','27','English','Snacks','','2022-01-16 15:28:33','2022-01-16 15:28:33');
INSERT INTO category_translations VALUES('26','30','English','Fruits & Vegetabels','','2022-01-17 15:52:04','2022-01-17 15:52:04');
INSERT INTO category_translations VALUES('27','31','English','Fresh Fruits','','2022-01-17 15:54:34','2022-01-17 15:54:34');
INSERT INTO category_translations VALUES('28','32','English','Vegitables','','2022-01-17 15:55:26','2022-01-17 15:55:26');
INSERT INTO category_translations VALUES('29','33','English','Noodles','','2022-01-17 15:56:31','2022-01-17 15:56:31');
INSERT INTO category_translations VALUES('30','34','English','Soups','','2022-01-17 15:57:34','2022-01-17 15:57:34');
INSERT INTO category_translations VALUES('31','35','English','Pasta','','2022-01-17 15:58:26','2022-01-17 15:58:26');
INSERT INTO category_translations VALUES('32','36','English','Chira, Muri & Chanachur','','2022-01-17 15:59:44','2022-04-03 13:58:17');
INSERT INTO category_translations VALUES('33','37','English','Chips & Pretzels','','2022-01-17 16:03:00','2022-01-17 16:03:00');
INSERT INTO category_translations VALUES('34','38','English','Popcorn & Nuts','','2022-01-17 16:03:53','2022-01-17 16:03:53');
INSERT INTO category_translations VALUES('35','39','English','Biscuits','','2022-01-17 16:04:51','2022-01-17 16:04:51');
INSERT INTO category_translations VALUES('36','40','English','Dairy','','2022-01-17 16:05:31','2022-01-17 16:05:31');
INSERT INTO category_translations VALUES('37','41','English','Liquid & UHT Milk','','2022-01-17 16:06:26','2022-01-17 16:06:26');
INSERT INTO category_translations VALUES('39','43','English','Powder Milk & Cream','','2022-01-17 16:08:24','2022-01-17 16:08:24');
INSERT INTO category_translations VALUES('40','44','English','Yogurt & Sweet','','2022-01-17 16:09:23','2022-01-17 16:09:23');
INSERT INTO category_translations VALUES('41','45','English','Frozen & Canned','','2022-01-17 16:10:06','2022-01-17 16:10:06');
INSERT INTO category_translations VALUES('42','46','English','Ice cream','','2022-01-17 16:11:14','2022-01-17 16:11:14');
INSERT INTO category_translations VALUES('43','47','English','Frozen Snacks','','2022-01-17 16:14:48','2022-01-17 16:14:48');
INSERT INTO category_translations VALUES('44','48','English','Canned Food','','2022-01-17 16:15:25','2022-01-17 16:15:25');
INSERT INTO category_translations VALUES('45','49','English','Bread & Bakery','','2022-01-17 16:18:07','2022-01-17 16:18:07');
INSERT INTO category_translations VALUES('46','50','English','Cookies','','2022-01-17 16:19:41','2022-01-17 16:19:41');
INSERT INTO category_translations VALUES('47','51','English','Bakery Snacks','','2022-01-17 16:20:57','2022-01-17 16:20:57');
INSERT INTO category_translations VALUES('48','52','English','Breads','','2022-01-17 16:21:33','2022-01-17 16:21:33');
INSERT INTO category_translations VALUES('49','53','English','Honey','','2022-01-17 16:22:18','2022-01-17 16:22:18');
INSERT INTO category_translations VALUES('50','54','English','Cakes','','2022-01-17 16:23:13','2022-01-17 16:23:13');
INSERT INTO category_translations VALUES('51','55','English','Cooking','','2022-01-17 16:24:03','2022-01-17 16:24:03');
INSERT INTO category_translations VALUES('52','56','English','Rice','','2022-01-17 16:25:16','2022-01-17 16:25:16');
INSERT INTO category_translations VALUES('53','57','English','Spices','','2022-01-17 16:26:03','2022-01-17 16:26:03');
INSERT INTO category_translations VALUES('54','58','English','Oil','','2022-01-17 16:26:41','2022-01-17 16:26:41');
INSERT INTO category_translations VALUES('55','59','English','Ghee','','2022-01-17 16:51:23','2022-01-17 16:51:23');
INSERT INTO category_translations VALUES('56','60','English','Salt Mix','','2022-01-17 16:52:28','2022-01-17 16:52:28');
INSERT INTO category_translations VALUES('57','61','English','Salt & Sugar','','2022-01-17 16:53:13','2022-01-17 16:53:13');
INSERT INTO category_translations VALUES('58','62','English','Dal','','2022-01-17 16:53:58','2022-01-17 16:53:58');
INSERT INTO category_translations VALUES('59','63','English','Atta, Shemai & Suji','','2022-01-17 16:54:33','2022-03-13 17:42:52');
INSERT INTO category_translations VALUES('60','64','English','Diabetic Food','','2022-01-17 16:55:16','2022-01-17 16:55:16');
INSERT INTO category_translations VALUES('61','65','English','Meat & Fish','','2022-01-17 16:55:58','2022-01-17 16:55:58');
INSERT INTO category_translations VALUES('62','66','English','Meat','','2022-01-17 16:56:28','2022-01-17 16:56:28');
INSERT INTO category_translations VALUES('63','67','English','Fish','','2022-01-17 16:59:13','2022-01-17 16:59:13');
INSERT INTO category_translations VALUES('64','68','English','Food Supplements','','2022-01-17 17:01:24','2022-01-17 17:01:24');
INSERT INTO category_translations VALUES('65','69','English','Herbal & Digestive Aid','','2022-01-17 17:02:03','2022-01-17 17:02:03');
INSERT INTO category_translations VALUES('66','70','English','First Aid','','2022-01-17 17:09:51','2022-01-17 17:09:51');
INSERT INTO category_translations VALUES('67','71','English','Adult Diapers','','2022-01-17 17:12:31','2022-01-17 17:12:31');
INSERT INTO category_translations VALUES('68','72','English','Personal Care','','2022-01-17 17:13:25','2022-01-17 17:13:25');
INSERT INTO category_translations VALUES('69','73','English','Clothing Essentials','','2022-01-17 17:32:16','2022-01-17 17:32:16');
INSERT INTO category_translations VALUES('70','74','English','Handwash','','2022-01-17 17:39:09','2022-01-17 17:39:09');
INSERT INTO category_translations VALUES('71','75','English','Tissue & Wipes','','2022-01-17 17:42:00','2022-01-17 17:42:00');
INSERT INTO category_translations VALUES('72','76','English','Talcom Powder','','2022-01-17 18:09:29','2022-01-17 18:09:29');
INSERT INTO category_translations VALUES('73','77','English','Newborn Essentials','','2022-01-17 18:10:59','2022-01-17 18:10:59');
INSERT INTO category_translations VALUES('74','78','English','Feeders','','2022-01-17 18:12:05','2022-01-17 18:12:05');
INSERT INTO category_translations VALUES('75','79','English','Bath & Skincare','','2022-01-17 18:12:34','2022-01-17 18:12:34');
INSERT INTO category_translations VALUES('76','80','English','Baby oral Care','','2022-01-17 18:12:43','2022-01-17 18:12:43');
INSERT INTO category_translations VALUES('77','81','English','Pet Care','','2022-01-18 14:10:32','2022-01-18 14:10:32');
INSERT INTO category_translations VALUES('78','82','English','Kitten Food','','2022-01-18 14:11:18','2022-01-18 14:11:18');
INSERT INTO category_translations VALUES('79','83','English','Cat Food','','2022-01-18 14:12:03','2022-01-18 14:12:03');
INSERT INTO category_translations VALUES('80','84','English','Dog Food','','2022-01-18 14:12:37','2022-01-18 14:12:37');
INSERT INTO category_translations VALUES('81','85','English','Other pet Foods','','2022-01-18 14:13:16','2022-01-18 14:13:16');
INSERT INTO category_translations VALUES('82','86','English','Pet Accessories','','2022-01-18 14:14:58','2022-01-18 14:14:58');
INSERT INTO category_translations VALUES('83','87','English','Air Fresheners','','2022-01-18 14:16:04','2022-01-18 14:16:04');
INSERT INTO category_translations VALUES('84','88','English','Dish Detergents','','2022-01-18 14:16:41','2022-01-18 14:16:41');
INSERT INTO category_translations VALUES('85','89','English','napkins','','2022-01-18 14:18:53','2022-01-18 14:18:53');
INSERT INTO category_translations VALUES('86','90','English','Pest Control','','2022-01-18 14:20:53','2022-01-18 14:20:53');
INSERT INTO category_translations VALUES('87','91','English','Food Storage','','2022-01-18 14:22:27','2022-01-18 14:22:27');
INSERT INTO category_translations VALUES('88','92','English','Batteries','','2022-01-18 14:24:36','2022-01-18 14:24:36');
INSERT INTO category_translations VALUES('89','93','English','Writing & Drawing','','2022-01-18 14:25:26','2022-01-18 14:25:26');
INSERT INTO category_translations VALUES('90','94','English','Colours','','2022-01-18 14:27:03','2022-01-18 14:27:03');
INSERT INTO category_translations VALUES('91','95','English','Pens','','2022-01-18 14:28:19','2022-01-18 14:28:19');
INSERT INTO category_translations VALUES('92','96','English','Highlighters & Markers','','2022-01-18 14:32:38','2022-01-18 14:32:38');
INSERT INTO category_translations VALUES('93','97','English','Notebooks','','2022-01-18 14:34:14','2022-01-18 14:34:14');
INSERT INTO category_translations VALUES('94','98','English','Organizing','','2022-01-18 14:36:24','2022-01-18 14:36:24');
INSERT INTO category_translations VALUES('95','99','English','Glue & Tapes','','2022-01-18 14:37:21','2022-01-18 14:37:21');
INSERT INTO category_translations VALUES('96','100','English','Files & Folders','','2022-01-18 14:38:32','2022-01-18 14:38:32');
INSERT INTO category_translations VALUES('97','101','English','Printing','','2022-01-18 14:39:31','2022-01-18 14:39:31');
INSERT INTO category_translations VALUES('98','102','English','Paper','','2022-01-18 14:40:04','2022-01-18 14:40:04');
INSERT INTO category_translations VALUES('99','103','English','Toner & Ink','','2022-01-18 14:40:43','2022-01-18 14:40:43');
INSERT INTO category_translations VALUES('100','104','English','Home Applications','','2022-01-18 14:46:10','2022-01-18 14:46:10');
INSERT INTO category_translations VALUES('101','105','English','Lights & Electrical','','2022-01-18 14:47:13','2022-01-18 14:47:13');
INSERT INTO category_translations VALUES('102','106','English','Tools & Hardware','','2022-01-18 14:48:02','2022-01-18 14:48:02');
INSERT INTO category_translations VALUES('103','107','English','Vehicle Essentials','','2022-01-18 14:50:38','2022-01-18 14:50:38');
INSERT INTO category_translations VALUES('104','108','English','Organic Items','','2022-01-18 14:51:45','2022-01-18 14:51:45');
INSERT INTO category_translations VALUES('105','109','English','Ready Mix','','2022-01-26 17:18:24','2022-01-26 17:18:24');
INSERT INTO category_translations VALUES('106','110','English','cheese','','2022-02-01 17:05:24','2022-02-01 17:05:24');
INSERT INTO category_translations VALUES('108','112','English','Soap','','2022-02-10 14:27:54','2022-02-10 14:27:54');
INSERT INTO category_translations VALUES('109','113','English','Skin Soap','','2022-02-10 14:45:07','2022-02-10 14:45:07');
INSERT INTO category_translations VALUES('110','114','English','Laundry Soap','','2022-02-10 14:47:06','2022-02-10 14:47:06');
INSERT INTO category_translations VALUES('111','115','English','Laundry','','2022-02-10 17:41:12','2022-02-10 17:41:12');
INSERT INTO category_translations VALUES('112','116','English','Tea & Coffee','','2022-02-12 15:59:21','2022-02-12 15:59:21');
INSERT INTO category_translations VALUES('113','117','English','Shampo','','2022-02-12 16:27:52','2022-02-12 16:27:52');
INSERT INTO category_translations VALUES('116','120','English','Oral Care','','2022-03-09 12:36:15','2022-03-09 12:36:15');
INSERT INTO category_translations VALUES('117','121','English','Colors & Flavours','','2022-03-14 17:47:34','2022-03-14 18:01:04');
INSERT INTO category_translations VALUES('118','122','English','Eggs','','2022-03-20 19:26:28','2022-03-20 19:26:28');
INSERT INTO category_translations VALUES('119','123','English','sauces','','2022-03-21 14:22:57','2022-03-21 14:22:57');
INSERT INTO category_translations VALUES('120','124','English','Beverages','','2022-04-03 10:03:34','2022-04-03 10:21:13');
INSERT INTO category_translations VALUES('121','125','English','Soft-Drinks','','2022-04-03 10:24:09','2022-04-03 10:24:09');
INSERT INTO category_translations VALUES('122','126','English','Syrups & Powder Drinks','','2022-04-03 10:34:53','2022-04-03 10:34:53');
INSERT INTO category_translations VALUES('123','127','English','Dried Fruits','','2022-04-03 16:35:48','2022-04-03 16:35:48');



DROP TABLE IF EXISTS coupon_categories;

CREATE TABLE `coupon_categories` (
  `coupon_id` bigint(20) unsigned NOT NULL,
  `category_id` bigint(20) unsigned NOT NULL,
  PRIMARY KEY (`coupon_id`,`category_id`),
  KEY `coupon_categories_category_id_foreign` (`category_id`),
  CONSTRAINT `coupon_categories_category_id_foreign` FOREIGN KEY (`category_id`) REFERENCES `categories` (`id`) ON DELETE CASCADE,
  CONSTRAINT `coupon_categories_coupon_id_foreign` FOREIGN KEY (`coupon_id`) REFERENCES `coupons` (`id`) ON DELETE CASCADE
) ENGINE=InnoDB DEFAULT CHARSET=utf8mb4 COLLATE=utf8mb4_unicode_ci;




DROP TABLE IF EXISTS coupon_products;

CREATE TABLE `coupon_products` (
  `coupon_id` bigint(20) unsigned NOT NULL,
  `product_id` bigint(20) unsigned NOT NULL,
  PRIMARY KEY (`coupon_id`,`product_id`),
  KEY `coupon_products_product_id_foreign` (`product_id`),
  CONSTRAINT `coupon_products_coupon_id_foreign` FOREIGN KEY (`coupon_id`) REFERENCES `coupons` (`id`) ON DELETE CASCADE,
  CONSTRAINT `coupon_products_product_id_foreign` FOREIGN KEY (`product_id`) REFERENCES `products` (`id`) ON DELETE CASCADE
) ENGINE=InnoDB DEFAULT CHARSET=utf8mb4 COLLATE=utf8mb4_unicode_ci;




DROP TABLE IF EXISTS coupon_translations;

CREATE TABLE `coupon_translations` (
  `id` bigint(20) unsigned NOT NULL AUTO_INCREMENT,
  `coupon_id` bigint(20) unsigned NOT NULL,
  `locale` varchar(191) COLLATE utf8mb4_unicode_ci NOT NULL,
  `name` varchar(191) COLLATE utf8mb4_unicode_ci NOT NULL,
  `created_at` timestamp NULL DEFAULT NULL,
  `updated_at` timestamp NULL DEFAULT NULL,
  PRIMARY KEY (`id`),
  UNIQUE KEY `coupon_translations_coupon_id_locale_unique` (`coupon_id`,`locale`),
  CONSTRAINT `coupon_translations_coupon_id_foreign` FOREIGN KEY (`coupon_id`) REFERENCES `coupons` (`id`) ON DELETE CASCADE
) ENGINE=InnoDB AUTO_INCREMENT=35 DEFAULT CHARSET=utf8mb4 COLLATE=utf8mb4_unicode_ci;

INSERT INTO coupon_translations VALUES('12','12','English','Discount For Admin Chairperson','2022-03-31 11:06:09','2022-03-31 11:16:15');
INSERT INTO coupon_translations VALUES('14','14','English','delivery charge discount','2022-03-31 11:42:47','2022-03-31 11:42:47');
INSERT INTO coupon_translations VALUES('15','15','English','delivery discount','2022-03-31 18:09:45','2022-03-31 18:09:45');
INSERT INTO coupon_translations VALUES('16','16','English','delivery charge discount','2022-03-31 18:20:18','2022-03-31 18:20:18');
INSERT INTO coupon_translations VALUES('17','17','English','delivery discount','2022-03-31 19:30:16','2022-03-31 19:30:16');
INSERT INTO coupon_translations VALUES('18','18','English','delivery discount','2022-03-31 19:56:53','2022-03-31 19:56:53');
INSERT INTO coupon_translations VALUES('19','19','English','delivery discount','2022-03-31 20:02:18','2022-03-31 20:02:18');
INSERT INTO coupon_translations VALUES('20','20','English','delivery discount','2022-04-02 10:51:08','2022-04-02 10:51:08');
INSERT INTO coupon_translations VALUES('21','21','English','delivery discount','2022-04-02 10:52:27','2022-04-02 10:52:27');
INSERT INTO coupon_translations VALUES('22','22','English','delivery discount','2022-04-02 16:51:07','2022-04-02 16:51:07');
INSERT INTO coupon_translations VALUES('23','23','English','delivery discount','2022-04-03 11:30:02','2022-04-03 11:30:02');
INSERT INTO coupon_translations VALUES('24','24','English','delivery discount','2022-04-03 11:36:06','2022-04-03 11:36:06');
INSERT INTO coupon_translations VALUES('25','25','English','delivery discount','2022-04-03 12:21:53','2022-04-03 12:21:53');
INSERT INTO coupon_translations VALUES('26','26','English','delivery discount','2022-04-03 16:45:03','2022-04-03 16:45:03');
INSERT INTO coupon_translations VALUES('27','27','English','delivery discount','2022-04-03 16:53:32','2022-04-03 16:53:32');
INSERT INTO coupon_translations VALUES('28','28','English','delivery discount','2022-04-04 12:01:57','2022-04-04 12:01:57');
INSERT INTO coupon_translations VALUES('29','29','English','delivery discount','2022-04-05 14:05:05','2022-04-05 14:05:05');
INSERT INTO coupon_translations VALUES('30','30','English','delivery discount','2022-04-05 16:14:37','2022-04-05 16:14:37');
INSERT INTO coupon_translations VALUES('31','31','English','Delivery discount','2022-04-05 16:35:01','2022-04-05 16:35:01');
INSERT INTO coupon_translations VALUES('32','32','English','delivery discount','2022-04-06 12:29:03','2022-04-06 12:29:03');
INSERT INTO coupon_translations VALUES('33','33','English','delivery discount','2022-04-06 13:09:33','2022-04-06 13:09:33');
INSERT INTO coupon_translations VALUES('34','34','English','delivery discount','2022-04-06 14:37:06','2022-04-06 14:37:06');



DROP TABLE IF EXISTS coupons;

CREATE TABLE `coupons` (
  `id` bigint(20) unsigned NOT NULL AUTO_INCREMENT,
  `code` varchar(191) COLLATE utf8mb4_unicode_ci NOT NULL,
  `value` decimal(10,2) unsigned DEFAULT NULL,
  `is_percent` tinyint(1) NOT NULL,
  `used` int(11) NOT NULL DEFAULT 0,
  `uses_limit` int(11) NOT NULL,
  `is_active` tinyint(1) NOT NULL,
  `start_date` date DEFAULT NULL,
  `end_date` date DEFAULT NULL,
  `created_at` timestamp NULL DEFAULT NULL,
  `updated_at` timestamp NULL DEFAULT NULL,
  PRIMARY KEY (`id`),
  KEY `coupons_code_index` (`code`)
) ENGINE=InnoDB AUTO_INCREMENT=35 DEFAULT CHARSET=utf8mb4 COLLATE=utf8mb4_unicode_ci;

INSERT INTO coupons VALUES('12','qblove150','150.00','0','1','2','1','2022-03-31','2022-04-30','2022-03-31 11:06:09','2022-03-31 11:12:57');
INSERT INTO coupons VALUES('14','qb001','30.00','0','0','1','1','2022-03-31','2022-04-30','2022-03-31 11:42:47','2022-03-31 11:42:47');
INSERT INTO coupons VALUES('15','qb002','30.00','0','1','1','1','2022-03-31','2022-03-31','2022-03-31 18:09:45','2022-03-31 18:10:15');
INSERT INTO coupons VALUES('16','qb003','30.00','0','1','1','1','2022-03-31','2022-03-31','2022-03-31 18:20:18','2022-03-31 18:21:17');
INSERT INTO coupons VALUES('17','qb004','30.00','0','1','1','1','2022-03-31','2022-03-31','2022-03-31 19:30:16','2022-03-31 19:33:08');
INSERT INTO coupons VALUES('18','qb005','30.00','0','1','1','1','2022-03-31','2022-03-31','2022-03-31 19:56:53','2022-03-31 19:57:22');
INSERT INTO coupons VALUES('19','qb006','30.00','0','1','1','1','2022-03-31','2022-03-31','2022-03-31 20:02:18','2022-04-03 09:42:37');
INSERT INTO coupons VALUES('20','qb007','30.00','0','1','1','1','2022-04-02','2022-04-30','2022-04-02 10:51:08','2022-04-02 10:51:48');
INSERT INTO coupons VALUES('21','qb008','30.00','0','1','1','1','2022-04-02','2022-04-30','2022-04-02 10:52:27','2022-04-02 10:56:19');
INSERT INTO coupons VALUES('22','qb009','30.00','0','1','1','1','2022-04-02','2022-04-30','2022-04-02 16:51:07','2022-04-02 16:51:40');
INSERT INTO coupons VALUES('23','qb10','30.00','0','1','1','1','2022-04-03','2022-04-30','2022-04-03 11:30:02','2022-04-03 11:30:57');
INSERT INTO coupons VALUES('24','qb11','30.00','0','1','1','1','2022-04-03','2022-04-30','2022-04-03 11:36:06','2022-04-03 11:48:10');
INSERT INTO coupons VALUES('25','qb12','30.00','0','1','1','1','2022-04-03','2022-04-30','2022-04-03 12:21:53','2022-04-03 12:22:41');
INSERT INTO coupons VALUES('26','qb13','30.00','0','1','1','1','2022-04-03','2022-04-30','2022-04-03 16:45:03','2022-04-03 16:45:41');
INSERT INTO coupons VALUES('27','qb14','30.00','0','1','1','1','2022-04-03','2022-04-30','2022-04-03 16:53:32','2022-04-03 16:54:57');
INSERT INTO coupons VALUES('28','qb15','30.00','0','1','1','1','2022-04-04','2022-04-30','2022-04-04 12:01:57','2022-04-04 12:04:48');
INSERT INTO coupons VALUES('29','qb16','30.00','0','1','1','1','2022-04-05','2022-04-30','2022-04-05 14:05:05','2022-04-05 14:06:28');
INSERT INTO coupons VALUES('30','qb17','30.00','0','1','1','1','2022-04-05','2022-04-30','2022-04-05 16:14:37','2022-04-05 16:15:00');
INSERT INTO coupons VALUES('31','qb18','30.00','0','1','1','1','2022-04-05','2022-04-30','2022-04-05 16:35:01','2022-04-05 16:38:22');
INSERT INTO coupons VALUES('32','qb19','30.00','0','1','1','1','2022-04-06','2022-04-30','2022-04-06 12:29:03','2022-04-06 12:29:34');
INSERT INTO coupons VALUES('33','qb20','30.00','0','1','1','1','2022-04-06','2022-04-30','2022-04-06 13:09:33','2022-04-06 13:09:58');
INSERT INTO coupons VALUES('34','qb21','30.00','0','1','1','1','2022-04-06','2022-04-30','2022-04-06 14:37:06','2022-04-06 14:37:47');



DROP TABLE IF EXISTS database_backups;

CREATE TABLE `database_backups` (
  `id` bigint(20) unsigned NOT NULL AUTO_INCREMENT,
  `file` varchar(191) COLLATE utf8mb4_unicode_ci NOT NULL,
  `user_id` bigint(20) NOT NULL,
  `created_at` timestamp NULL DEFAULT NULL,
  `updated_at` timestamp NULL DEFAULT NULL,
  PRIMARY KEY (`id`)
) ENGINE=InnoDB AUTO_INCREMENT=5 DEFAULT CHARSET=utf8mb4 COLLATE=utf8mb4_unicode_ci;




DROP TABLE IF EXISTS email_templates;

CREATE TABLE `email_templates` (
  `id` bigint(20) unsigned NOT NULL AUTO_INCREMENT,
  `name` varchar(191) COLLATE utf8mb4_unicode_ci NOT NULL,
  `subject` text COLLATE utf8mb4_unicode_ci NOT NULL,
  `body` longtext COLLATE utf8mb4_unicode_ci NOT NULL,
  `created_at` timestamp NULL DEFAULT NULL,
  `updated_at` timestamp NULL DEFAULT NULL,
  PRIMARY KEY (`id`)
) ENGINE=InnoDB AUTO_INCREMENT=13 DEFAULT CHARSET=utf8mb4 COLLATE=utf8mb4_unicode_ci;

INSERT INTO email_templates VALUES('1','welcome_email','Welcome to Q Bazar','<table role=\"presentation\" border=\"0\" width=\"100%\" cellspacing=\"0\" cellpadding=\"0\">
<tbody>
<tr>
<td style=\"padding: 20px 0 30px 0;\">
<table style=\"border-collapse: collapse; border: 1px solid #cccccc;\" border=\"0\" width=\"600\" cellspacing=\"0\" cellpadding=\"0\" align=\"center\">
<tbody>
<tr>
<td style=\"padding: 40px 0 30px 0;\" align=\"center\" bgcolor=\"#1e1e2c\"><img src=\"../../../theme/img/website-logo.png\" alt=\"\" width=\"162\" height=\"40\" /></td>
</tr>
<tr>
<td style=\"padding: 40px 30px 40px 30px;\" bgcolor=\"#ffffff\">
<table style=\"border-collapse: collapse; height: 95px; width: 100%;\" border=\"0\" width=\"100%\" cellspacing=\"0\" cellpadding=\"0\">
<tbody>
<tr style=\"height: 30px;\">
<td style=\"color: #153643; font-family: Arial, sans-serif; height: 30px;\">
<h1 style=\"font-size: 24px; margin: 0;\">Welcome to Q Bazar</h1>
</td>
</tr>
<tr style=\"height: 47px;\">
<td style=\"color: #153643; font-family: Arial, sans-serif; font-size: 16px; line-height: 24px; padding: 20px 0px 30px; height: 47px;\">
<p style=\"margin: 0;\">Hi {name},</p>
<p style=\"margin: 0;\">Your account is now ready to use. You can now login to your portal using your email and password.</p>
<p style=\"margin: 0;\">&nbsp;</p>
<p style=\"margin: 0;\">Thank You</p>
<p style=\"margin: 0;\">Q Bazar</p>
</td>
</tr>
</tbody>
</table>
</td>
</tr>
<tr>
<td style=\"padding: 30px 30px;\" bgcolor=\"#1e1e2c\">
<table style=\"border-collapse: collapse; width: 99.4769%; height: 18px;\" border=\"0\" width=\"100%\" cellspacing=\"0\" cellpadding=\"0\">
<tbody>
<tr style=\"height: 18px;\">
<td style=\"color: #ffffff; font-family: Arial, sans-serif; font-size: 14px; width: 99.8141%; height: 18px;\">
<p style=\"margin: 0px; text-align: center;\">&reg; Qbazar 2022</p>
</td>
</tr>
</tbody>
</table>
</td>
</tr>
</tbody>
</table>
</td>
</tr>
</tbody>
</table>','','2022-01-13 09:06:50');
INSERT INTO email_templates VALUES('2','order_placed','Your Order Placed Successfully','<table role=\"presentation\" border=\"0\" width=\"100%\" cellspacing=\"0\" cellpadding=\"0\">
<tbody>
<tr>
<td style=\"padding: 20px 0 30px 0;\">
<table style=\"border-collapse: collapse; border: 1px solid #cccccc;\" border=\"0\" width=\"600\" cellspacing=\"0\" cellpadding=\"0\" align=\"center\">
<tbody>
<tr>
<td style=\"padding: 40px 0 30px 0;\" align=\"center\" bgcolor=\"#1e1e2c\"><img src=\"../../../theme/img/website-logo.png\" alt=\"\" width=\"162\" height=\"40\" /></td>
</tr>
<tr>
<td style=\"padding: 40px 30px 40px 30px;\" bgcolor=\"#ffffff\">
<table style=\"border-collapse: collapse; height: 95px; width: 100%;\" border=\"0\" width=\"100%\" cellspacing=\"0\" cellpadding=\"0\">
<tbody>
<tr style=\"height: 30px;\">
<td style=\"color: #153643; font-family: Arial, sans-serif; height: 30px;\">
<h1 style=\"font-size: 24px; margin: 0;\">Your Order Placed Successfully</h1>
</td>
</tr>
<tr style=\"height: 47px;\">
<td style=\"color: #153643; font-family: Arial, sans-serif; font-size: 16px; line-height: 24px; padding: 20px 0px 30px; height: 47px;\">
<p style=\"margin: 0;\">Hi {name},</p>
<p style=\"margin: 0;\">Your Order (Order ID:{order_id}) has been placed sucessfully. Your order will be shipped within 24 hours.</p>
<p style=\"margin: 0;\">&nbsp;</p>
<p style=\"margin: 0;\">Order ID:{order_id}</p>
<p style=\"margin: 0;\">Order Status:{delivery_status}</p>
<p style=\"margin: 0;\">Payment Status:{payment_status}</p>
<p style=\"margin: 0;\">Payment Method:{payment_method}</p>
<p style=\"margin: 0;\">&nbsp;</p>
<p style=\"margin: 0;\">Thank you for shopping with us.</p>
<p style=\"margin: 0;\">&nbsp;</p>
<p style=\"margin: 0;\">Thank You</p>
<p style=\"margin: 0;\">Q Bazar</p>
</td>
</tr>
</tbody>
</table>
</td>
</tr>
<tr>
<td style=\"padding: 30px 30px;\" bgcolor=\"#1e1e2c\">
<table style=\"border-collapse: collapse; width: 99.4769%;\" border=\"0\" width=\"100%\" cellspacing=\"0\" cellpadding=\"0\">
<tbody>
<tr>
<td style=\"color: #ffffff; font-family: Arial, sans-serif; font-size: 14px; width: 99.8141%;\">
<p style=\"margin: 0px; text-align: center;\">&reg; Qbazar 2022</p>
</td>
</tr>
</tbody>
</table>
</td>
</tr>
</tbody>
</table>
</td>
</tr>
</tbody>
</table>','','2022-04-03 09:11:50');
INSERT INTO email_templates VALUES('3','order_processing','Your Order Marked as Processing','<table role=\"presentation\" border=\"0\" width=\"100%\" cellspacing=\"0\" cellpadding=\"0\">
<tbody>
<tr>
<td style=\"padding: 20px 0 30px 0;\">
<table style=\"border-collapse: collapse; border: 1px solid #cccccc;\" border=\"0\" width=\"600\" cellspacing=\"0\" cellpadding=\"0\" align=\"center\">
<tbody>
<tr>
<td style=\"padding: 40px 0 30px 0;\" align=\"center\" bgcolor=\"#1e1e2c\"><img src=\"../../../theme/img/website-logo.png\" alt=\"\" width=\"162\" height=\"40\" /></td>
</tr>
<tr>
<td style=\"padding: 40px 30px 40px 30px;\" bgcolor=\"#ffffff\">
<table style=\"border-collapse: collapse; height: 95px; width: 100%;\" border=\"0\" width=\"100%\" cellspacing=\"0\" cellpadding=\"0\">
<tbody>
<tr style=\"height: 30px;\">
<td style=\"color: #153643; font-family: Arial, sans-serif; height: 30px;\">
<h1 style=\"font-size: 24px; margin: 0;\">Your Order has been processed</h1>
</td>
</tr>
<tr style=\"height: 47px;\">
<td style=\"color: #153643; font-family: Arial, sans-serif; font-size: 16px; line-height: 24px; padding: 20px 0px 30px; height: 47px;\">
<p style=\"margin: 0;\">Hi {name},</p>
<p style=\"margin: 0;\">Your Order (Order ID:{order_id}) has been processed.</p>
<p style=\"margin: 0;\">&nbsp;</p>
<p style=\"margin: 0;\">Order ID:{order_id}</p>
<p style=\"margin: 0;\">Order Status:{delivery_status}</p>
<p style=\"margin: 0;\">Payment Status:{payment_status}</p>
<p style=\"margin: 0;\">Payment Method:{payment_method}</p>
<p style=\"margin: 0;\">&nbsp;</p>
<p style=\"margin: 0;\">Thank you for shopping with us.</p>
<p style=\"margin: 0;\">&nbsp;</p>
<p style=\"margin: 0;\">Thank You</p>
<p style=\"margin: 0;\">Q Bazar</p>
</td>
</tr>
</tbody>
</table>
</td>
</tr>
<tr>
<td style=\"padding: 30px 30px;\" bgcolor=\"#1e1e2c\">
<table style=\"border-collapse: collapse; width: 99.4769%;\" border=\"0\" width=\"100%\" cellspacing=\"0\" cellpadding=\"0\">
<tbody>
<tr>
<td style=\"color: #ffffff; font-family: Arial, sans-serif; font-size: 14px; width: 99.8141%;\">
<p style=\"margin: 0px; text-align: center;\">&reg; Qbazar 2022</p>
</td>
</tr>
</tbody>
</table>
</td>
</tr>
</tbody>
</table>
</td>
</tr>
</tbody>
</table>','','2022-01-13 09:06:18');
INSERT INTO email_templates VALUES('4','order_completed','Your Order Marked as Completed','<table role=\"presentation\" border=\"0\" width=\"100%\" cellspacing=\"0\" cellpadding=\"0\">
<tbody>
<tr>
<td style=\"padding: 20px 0 30px 0;\">
<table style=\"border-collapse: collapse; border: 1px solid #cccccc;\" border=\"0\" width=\"600\" cellspacing=\"0\" cellpadding=\"0\" align=\"center\">
<tbody>
<tr>
<td style=\"padding: 40px 0 30px 0;\" align=\"center\" bgcolor=\"#1e1e2c\"><img src=\"../../../theme/img/website-logo.png\" alt=\"\" width=\"162\" height=\"40\" /></td>
</tr>
<tr>
<td style=\"padding: 40px 30px 40px 30px;\" bgcolor=\"#ffffff\">
<table style=\"border-collapse: collapse; height: 95px; width: 100%;\" border=\"0\" width=\"100%\" cellspacing=\"0\" cellpadding=\"0\">
<tbody>
<tr style=\"height: 30px;\">
<td style=\"color: #153643; font-family: Arial, sans-serif; height: 30px;\">
<h1 style=\"font-size: 24px; margin: 0;\">Your Order has Completed</h1>
</td>
</tr>
<tr style=\"height: 47px;\">
<td style=\"color: #153643; font-family: Arial, sans-serif; font-size: 16px; line-height: 24px; padding: 20px 0px 30px; height: 47px;\">
<p style=\"margin: 0;\">Hi {name},</p>
<p style=\"margin: 0;\">Your Order (Order ID:{order_id}) has completed.</p>
<p style=\"margin: 0;\">&nbsp;</p>
<p style=\"margin: 0;\">Order ID:{order_id}</p>
<p style=\"margin: 0;\">Order Status:{delivery_status}</p>
<p style=\"margin: 0;\">Payment Status:{payment_status}</p>
<p style=\"margin: 0;\">Payment Method:{payment_method}</p>
<p style=\"margin: 0;\">&nbsp;</p>
<p style=\"margin: 0;\">Thank you for shopping with us.</p>
<p style=\"margin: 0;\">&nbsp;</p>
<p style=\"margin: 0;\">Thank You</p>
<p style=\"margin: 0;\">Q Bazar</p>
</td>
</tr>
</tbody>
</table>
</td>
</tr>
<tr>
<td style=\"padding: 30px 30px;\" bgcolor=\"#1e1e2c\">
<table style=\"border-collapse: collapse; width: 99.4769%;\" border=\"0\" width=\"100%\" cellspacing=\"0\" cellpadding=\"0\">
<tbody>
<tr>
<td style=\"color: #ffffff; font-family: Arial, sans-serif; font-size: 14px; width: 99.8141%;\">
<p style=\"margin: 0px; text-align: center;\">&reg; Qbazar 2022</p>
</td>
</tr>
</tbody>
</table>
</td>
</tr>
</tbody>
</table>
</td>
</tr>
</tbody>
</table>','','2022-01-13 09:06:09');
INSERT INTO email_templates VALUES('5','order_canceled','Your Order Marked as Canceled','<table role=\"presentation\" border=\"0\" width=\"100%\" cellspacing=\"0\" cellpadding=\"0\">
<tbody>
<tr>
<td style=\"padding: 20px 0 30px 0;\">
<table style=\"border-collapse: collapse; border: 1px solid #cccccc;\" border=\"0\" width=\"600\" cellspacing=\"0\" cellpadding=\"0\" align=\"center\">
<tbody>
<tr>
<td style=\"padding: 40px 0 30px 0;\" align=\"center\" bgcolor=\"#1e1e2c\"><img src=\"../../../theme/img/website-logo.png\" alt=\"\" width=\"162\" height=\"40\" /></td>
</tr>
<tr>
<td style=\"padding: 40px 30px 40px 30px;\" bgcolor=\"#ffffff\">
<table style=\"border-collapse: collapse; height: 95px; width: 100%;\" border=\"0\" width=\"100%\" cellspacing=\"0\" cellpadding=\"0\">
<tbody>
<tr style=\"height: 30px;\">
<td style=\"color: #153643; font-family: Arial, sans-serif; height: 30px;\">
<h1 style=\"font-size: 24px; margin: 0;\">Your Order has been canceled</h1>
</td>
</tr>
<tr style=\"height: 47px;\">
<td style=\"color: #153643; font-family: Arial, sans-serif; font-size: 16px; line-height: 24px; padding: 20px 0px 30px; height: 47px;\">
<p style=\"margin: 0;\">Hi {name},</p>
<p style=\"margin: 0;\">Your Order (Order ID:{order_id}) has been canceled.</p>
<p style=\"margin: 0;\">&nbsp;</p>
<p style=\"margin: 0;\">Order ID:{order_id}</p>
<p style=\"margin: 0;\">Order Status:{delivery_status}</p>
<p style=\"margin: 0;\">Payment Status:{payment_status}</p>
<p style=\"margin: 0;\">Payment Method:{payment_method}</p>
<p style=\"margin: 0;\">&nbsp;</p>
<p style=\"margin: 0;\">Thank you for shopping with us.</p>
<p style=\"margin: 0;\">&nbsp;</p>
<p style=\"margin: 0;\">Thank You</p>
<p style=\"margin: 0;\">Q Bazar</p>
</td>
</tr>
</tbody>
</table>
</td>
</tr>
<tr>
<td style=\"padding: 30px 30px;\" bgcolor=\"#1e1e2c\">
<table style=\"border-collapse: collapse; width: 99.4769%;\" border=\"0\" width=\"100%\" cellspacing=\"0\" cellpadding=\"0\">
<tbody>
<tr>
<td style=\"color: #ffffff; font-family: Arial, sans-serif; font-size: 14px; width: 99.8141%;\">
<p style=\"margin: 0px; text-align: center;\">&reg; Qbazar 2022</p>
</td>
</tr>
</tbody>
</table>
</td>
</tr>
</tbody>
</table>
</td>
</tr>
</tbody>
</table>','','2022-01-13 09:05:49');
INSERT INTO email_templates VALUES('6','assign_delivery_boy','New order assign to you for delivery','<table role=\"presentation\" border=\"0\" width=\"100%\" cellspacing=\"0\" cellpadding=\"0\">
<tbody>
<tr>
<td style=\"padding: 20px 0 30px 0;\">
<table style=\"border-collapse: collapse; border: 1px solid #cccccc;\" border=\"0\" width=\"600\" cellspacing=\"0\" cellpadding=\"0\" align=\"center\">
<tbody>
<tr>
<td style=\"padding: 40px 0 30px 0;\" align=\"center\" bgcolor=\"#1e1e2c\"><img src=\"../../../theme/img/website-logo.png\" alt=\"\" width=\"162\" height=\"40\" /></td>
</tr>
<tr>
<td style=\"padding: 40px 30px 40px 30px;\" bgcolor=\"#ffffff\">
<table style=\"border-collapse: collapse; height: 95px; width: 100%;\" border=\"0\" width=\"100%\" cellspacing=\"0\" cellpadding=\"0\">
<tbody>
<tr style=\"height: 30px;\">
<td style=\"color: #153643; font-family: Arial, sans-serif; height: 30px;\">
<h1 style=\"font-size: 24px; margin: 0;\">New order assign to you for delivery</h1>
</td>
</tr>
<tr style=\"height: 47px;\">
<td style=\"color: #153643; font-family: Arial, sans-serif; font-size: 16px; line-height: 24px; padding: 20px 0px 30px; height: 47px;\">
<p style=\"margin: 0;\">Hi{name},</p>
<p style=\"margin: 0;\">New Order (Order ID:{order_id}) has been assigned to you for delivery.</p>
<p style=\"margin: 0;\">&nbsp;</p>
<p style=\"margin: 0;\">Order ID:{order_id}</p>
<p style=\"margin: 0;\">Order Status:{delivery_status}</p>
<p style=\"margin: 0;\">Payment Status:{payment_status}</p>
<p style=\"margin: 0;\">Payment Method:{payment_method}</p>
<p style=\"margin: 0;\">&nbsp;</p>
<p style=\"margin: 0;\">Thank you for shopping with us.</p>
<p style=\"margin: 0;\">&nbsp;</p>
<p style=\"margin: 0;\">Thank You</p>
<p style=\"margin: 0;\">Q Bazar</p>
</td>
</tr>
</tbody>
</table>
</td>
</tr>
<tr>
<td style=\"padding: 30px 30px;\" bgcolor=\"#1e1e2c\">
<table style=\"border-collapse: collapse; width: 99.4769%;\" border=\"0\" width=\"100%\" cellspacing=\"0\" cellpadding=\"0\">
<tbody>
<tr>
<td style=\"color: #ffffff; font-family: Arial, sans-serif; font-size: 14px; width: 99.8141%;\">
<p style=\"margin: 0px; text-align: center;\">&reg; Qbazar 2022</p>
</td>
</tr>
</tbody>
</table>
</td>
</tr>
</tbody>
</table>
</td>
</tr>
</tbody>
</table>','','2022-01-13 09:05:39');
INSERT INTO email_templates VALUES('7','welcome_email','Welcome to Q Bazar','<table role=\"presentation\" border=\"0\" width=\"100%\" cellspacing=\"0\" cellpadding=\"0\">
<tbody>
<tr>
<td style=\"padding: 20px 0 30px 0;\">
<table style=\"border-collapse: collapse; border: 1px solid #cccccc;\" border=\"0\" width=\"600\" cellspacing=\"0\" cellpadding=\"0\" align=\"center\">
<tbody>
<tr>
<td style=\"padding: 40px 0 30px 0;\" align=\"center\" bgcolor=\"#1e1e2c\"><img src=\"../../../theme/img/website-logo.png\" alt=\"\" width=\"162\" height=\"40\" /></td>
</tr>
<tr>
<td style=\"padding: 40px 30px 40px 30px;\" bgcolor=\"#ffffff\">
<table style=\"border-collapse: collapse; height: 95px; width: 100%;\" border=\"0\" width=\"100%\" cellspacing=\"0\" cellpadding=\"0\">
<tbody>
<tr style=\"height: 30px;\">
<td style=\"color: #153643; font-family: Arial, sans-serif; height: 30px;\">
<h1 style=\"font-size: 24px; margin: 0;\">Welcome to Q Bazar</h1>
</td>
</tr>
<tr style=\"height: 47px;\">
<td style=\"color: #153643; font-family: Arial, sans-serif; font-size: 16px; line-height: 24px; padding: 20px 0px 30px; height: 47px;\">
<p style=\"margin: 0;\">Hi {name},</p>
<p style=\"margin: 0;\">Your account is now ready to use. You can now login to your portal using your email and password.</p>
<p style=\"margin: 0;\">&nbsp;</p>
<p style=\"margin: 0;\">Thank You</p>
<p style=\"margin: 0;\">Q Bazar</p>
</td>
</tr>
</tbody>
</table>
</td>
</tr>
<tr>
<td style=\"padding: 30px 30px;\" bgcolor=\"#1e1e2c\">
<table style=\"border-collapse: collapse; width: 99.4769%;\" border=\"0\" width=\"100%\" cellspacing=\"0\" cellpadding=\"0\">
<tbody>
<tr>
<td style=\"color: #ffffff; font-family: Arial, sans-serif; font-size: 14px; width: 99.8141%;\">
<p style=\"margin: 0px; text-align: center;\">&reg; Qbazar 2022</p>
</td>
</tr>
</tbody>
</table>
</td>
</tr>
</tbody>
</table>
</td>
</tr>
</tbody>
</table>','','2022-01-13 09:07:28');
INSERT INTO email_templates VALUES('8','order_placed','Your Order Placed Successfully','<table role=\"presentation\" border=\"0\" width=\"100%\" cellspacing=\"0\" cellpadding=\"0\">
<tbody>
<tr>
<td style=\"padding: 20px 0 30px 0;\">
<table style=\"border-collapse: collapse; border: 1px solid #cccccc;\" border=\"0\" width=\"600\" cellspacing=\"0\" cellpadding=\"0\" align=\"center\">
<tbody>
<tr>
<td style=\"padding: 40px 0 30px 0;\" align=\"center\" bgcolor=\"#1e1e2c\"><img src=\"../../../theme/img/website-logo.png\" alt=\"\" width=\"162\" height=\"40\" /></td>
</tr>
<tr>
<td style=\"padding: 40px 30px 40px 30px;\" bgcolor=\"#ffffff\">
<table style=\"border-collapse: collapse; height: 95px; width: 100%;\" border=\"0\" width=\"100%\" cellspacing=\"0\" cellpadding=\"0\">
<tbody>
<tr style=\"height: 30px;\">
<td style=\"color: #153643; font-family: Arial, sans-serif; height: 30px;\">
<h1 style=\"font-size: 24px; margin: 0;\">Your Order Placed Successfully</h1>
</td>
</tr>
<tr style=\"height: 47px;\">
<td style=\"color: #153643; font-family: Arial, sans-serif; font-size: 16px; line-height: 24px; padding: 20px 0px 30px; height: 47px;\">
<p style=\"margin: 0;\">Hi {name},</p>
<p style=\"margin: 0;\">Your Order (Order ID:{order_id}) has been placed sucessfully. Your order will be shipped within 24 Hours.</p>
<p style=\"margin: 0;\">&nbsp;</p>
<p style=\"margin: 0;\">Order ID:{order_id}</p>
<p style=\"margin: 0;\">Order Status:{delivery_status}</p>
<p style=\"margin: 0;\">Payment Status:{payment_status}</p>
<p style=\"margin: 0;\">Payment Method:{payment_method}</p>
<p style=\"margin: 0;\">&nbsp;</p>
<p style=\"margin: 0;\">Thank you for shopping with us.</p>
<p style=\"margin: 0;\">&nbsp;</p>
<p style=\"margin: 0;\">Thank You</p>
<p style=\"margin: 0;\">Q Bazar</p>
</td>
</tr>
</tbody>
</table>
</td>
</tr>
<tr>
<td style=\"padding: 30px 30px;\" bgcolor=\"#1e1e2c\">
<table style=\"border-collapse: collapse; width: 99.4769%;\" border=\"0\" width=\"100%\" cellspacing=\"0\" cellpadding=\"0\">
<tbody>
<tr>
<td style=\"color: #ffffff; font-family: Arial, sans-serif; font-size: 14px; width: 99.8141%;\">
<p style=\"margin: 0px; text-align: center;\">&reg; Qbazar 2022</p>
</td>
</tr>
</tbody>
</table>
</td>
</tr>
</tbody>
</table>
</td>
</tr>
</tbody>
</table>','','2022-04-03 09:12:14');
INSERT INTO email_templates VALUES('9','order_processing','Your Order Marked as Processing','<table role=\"presentation\" border=\"0\" width=\"100%\" cellspacing=\"0\" cellpadding=\"0\">
<tbody>
<tr>
<td style=\"padding: 20px 0 30px 0;\">
<table style=\"border-collapse: collapse; border: 1px solid #cccccc;\" border=\"0\" width=\"600\" cellspacing=\"0\" cellpadding=\"0\" align=\"center\">
<tbody>
<tr>
<td style=\"padding: 40px 0 30px 0;\" align=\"center\" bgcolor=\"#1e1e2c\"><img src=\"../../../theme/img/website-logo.png\" alt=\"\" width=\"162\" height=\"40\" /></td>
</tr>
<tr>
<td style=\"padding: 40px 30px 40px 30px;\" bgcolor=\"#ffffff\">
<table style=\"border-collapse: collapse; height: 95px; width: 100%;\" border=\"0\" width=\"100%\" cellspacing=\"0\" cellpadding=\"0\">
<tbody>
<tr style=\"height: 30px;\">
<td style=\"color: #153643; font-family: Arial, sans-serif; height: 30px;\">
<h1 style=\"font-size: 24px; margin: 0;\">Your Order has been processed</h1>
</td>
</tr>
<tr style=\"height: 47px;\">
<td style=\"color: #153643; font-family: Arial, sans-serif; font-size: 16px; line-height: 24px; padding: 20px 0px 30px; height: 47px;\">
<p style=\"margin: 0;\">Hi {name},</p>
<p style=\"margin: 0;\">Your Order (Order ID:{order_id}) has been processed.</p>
<p style=\"margin: 0;\">&nbsp;</p>
<p style=\"margin: 0;\">Order ID:{order_id}</p>
<p style=\"margin: 0;\">Order Status:{delivery_status}</p>
<p style=\"margin: 0;\">Payment Status:{payment_status}</p>
<p style=\"margin: 0;\">Payment Method:{payment_method}</p>
<p style=\"margin: 0;\">&nbsp;</p>
<p style=\"margin: 0;\">Thank you for shopping with us.</p>
<p style=\"margin: 0;\">&nbsp;</p>
<p style=\"margin: 0;\">Thank You</p>
<p style=\"margin: 0;\">Q Bazar</p>
</td>
</tr>
</tbody>
</table>
</td>
</tr>
<tr>
<td style=\"padding: 30px 30px;\" bgcolor=\"#1e1e2c\">
<table style=\"border-collapse: collapse; width: 99.4769%;\" border=\"0\" width=\"100%\" cellspacing=\"0\" cellpadding=\"0\">
<tbody>
<tr>
<td style=\"color: #ffffff; font-family: Arial, sans-serif; font-size: 14px; width: 99.8141%;\">
<p style=\"margin: 0px; text-align: center;\">&reg; Qbazar 2022</p>
</td>
</tr>
</tbody>
</table>
</td>
</tr>
</tbody>
</table>
</td>
</tr>
</tbody>
</table>','','2022-01-13 09:05:16');
INSERT INTO email_templates VALUES('10','order_completed','Your Order Marked as Completed','<table role=\"presentation\" border=\"0\" width=\"100%\" cellspacing=\"0\" cellpadding=\"0\">
<tbody>
<tr>
<td style=\"padding: 20px 0 30px 0;\">
<table style=\"border-collapse: collapse; border: 1px solid #cccccc;\" border=\"0\" width=\"600\" cellspacing=\"0\" cellpadding=\"0\" align=\"center\">
<tbody>
<tr>
<td style=\"padding: 40px 0 30px 0;\" align=\"center\" bgcolor=\"#1e1e2c\"><img src=\"../../../theme/img/website-logo.png\" alt=\"\" width=\"162\" height=\"40\" /></td>
</tr>
<tr>
<td style=\"padding: 40px 30px 40px 30px;\" bgcolor=\"#ffffff\">
<table style=\"border-collapse: collapse; height: 95px; width: 100%;\" border=\"0\" width=\"100%\" cellspacing=\"0\" cellpadding=\"0\">
<tbody>
<tr style=\"height: 30px;\">
<td style=\"color: #153643; font-family: Arial, sans-serif; height: 30px;\">
<h1 style=\"font-size: 24px; margin: 0;\">Your Order has Completed</h1>
</td>
</tr>
<tr style=\"height: 47px;\">
<td style=\"color: #153643; font-family: Arial, sans-serif; font-size: 16px; line-height: 24px; padding: 20px 0px 30px; height: 47px;\">
<p style=\"margin: 0;\">Hi {name},</p>
<p style=\"margin: 0;\">Your Order (Order ID:{order_id}) has completed.</p>
<p style=\"margin: 0;\">&nbsp;</p>
<p style=\"margin: 0;\">Order ID:{order_id}</p>
<p style=\"margin: 0;\">Order Status:{delivery_status}</p>
<p style=\"margin: 0;\">Payment Status:{payment_status}</p>
<p style=\"margin: 0;\">Payment Method:{payment_method}</p>
<p style=\"margin: 0;\">&nbsp;</p>
<p style=\"margin: 0;\">Thank you for shopping with us.</p>
<p style=\"margin: 0;\">&nbsp;</p>
<p style=\"margin: 0;\">Thank You</p>
<p style=\"margin: 0;\">Q Bazar</p>
</td>
</tr>
</tbody>
</table>
</td>
</tr>
<tr>
<td style=\"padding: 30px 30px;\" bgcolor=\"#1e1e2c\">
<table style=\"border-collapse: collapse; width: 99.4769%;\" border=\"0\" width=\"100%\" cellspacing=\"0\" cellpadding=\"0\">
<tbody>
<tr>
<td style=\"color: #ffffff; font-family: Arial, sans-serif; font-size: 14px; width: 99.8141%;\">
<p style=\"margin: 0px; text-align: center;\">&reg; Qbazar 2022</p>
</td>
</tr>
</tbody>
</table>
</td>
</tr>
</tbody>
</table>
</td>
</tr>
</tbody>
</table>','','2022-01-13 09:05:07');
INSERT INTO email_templates VALUES('11','order_canceled','Your Order Marked as Canceled','<table role=\"presentation\" border=\"0\" width=\"100%\" cellspacing=\"0\" cellpadding=\"0\">
<tbody>
<tr>
<td style=\"padding: 20px 0 30px 0;\">
<table style=\"border-collapse: collapse; border: 1px solid #cccccc;\" border=\"0\" width=\"600\" cellspacing=\"0\" cellpadding=\"0\" align=\"center\">
<tbody>
<tr>
<td style=\"padding: 40px 0 30px 0;\" align=\"center\" bgcolor=\"#1e1e2c\"><img src=\"../../../theme/img/website-logo.png\" alt=\"\" width=\"162\" height=\"40\" /></td>
</tr>
<tr>
<td style=\"padding: 40px 30px 40px 30px;\" bgcolor=\"#ffffff\">
<table style=\"border-collapse: collapse; height: 95px; width: 100%;\" border=\"0\" width=\"100%\" cellspacing=\"0\" cellpadding=\"0\">
<tbody>
<tr style=\"height: 30px;\">
<td style=\"color: #153643; font-family: Arial, sans-serif; height: 30px;\">
<h1 style=\"font-size: 24px; margin: 0;\">Your Order has been canceled</h1>
</td>
</tr>
<tr style=\"height: 47px;\">
<td style=\"color: #153643; font-family: Arial, sans-serif; font-size: 16px; line-height: 24px; padding: 20px 0px 30px; height: 47px;\">
<p style=\"margin: 0;\">Hi {name},</p>
<p style=\"margin: 0;\">Your Order (Order ID:{order_id}) has been canceled.</p>
<p style=\"margin: 0;\">&nbsp;</p>
<p style=\"margin: 0;\">Order ID:{order_id}</p>
<p style=\"margin: 0;\">Order Status:{delivery_status}</p>
<p style=\"margin: 0;\">Payment Status:{payment_status}</p>
<p style=\"margin: 0;\">Payment Method:{payment_method}</p>
<p style=\"margin: 0;\">&nbsp;</p>
<p style=\"margin: 0;\">Thank you for shopping with us.</p>
<p style=\"margin: 0;\">&nbsp;</p>
<p style=\"margin: 0;\">Thank You</p>
<p style=\"margin: 0;\">Q Bazar</p>
</td>
</tr>
</tbody>
</table>
</td>
</tr>
<tr>
<td style=\"padding: 30px 30px;\" bgcolor=\"#1e1e2c\">
<table style=\"border-collapse: collapse; width: 99.4769%;\" border=\"0\" width=\"100%\" cellspacing=\"0\" cellpadding=\"0\">
<tbody>
<tr>
<td style=\"color: #ffffff; font-family: Arial, sans-serif; font-size: 14px; width: 99.8141%;\">
<p style=\"margin: 0px; text-align: center;\">&reg; Qbazar 2022</p>
</td>
</tr>
</tbody>
</table>
</td>
</tr>
</tbody>
</table>
</td>
</tr>
</tbody>
</table>','','2022-01-13 09:04:57');
INSERT INTO email_templates VALUES('12','assign_delivery_boy','New order assign to you for delivery','<table role=\"presentation\" border=\"0\" width=\"100%\" cellspacing=\"0\" cellpadding=\"0\">
<tbody>
<tr>
<td style=\"padding: 20px 0 30px 0;\">
<table style=\"border-collapse: collapse; border: 1px solid #cccccc;\" border=\"0\" width=\"600\" cellspacing=\"0\" cellpadding=\"0\" align=\"center\">
<tbody>
<tr>
<td style=\"padding: 40px 0 30px 0;\" align=\"center\" bgcolor=\"#1e1e2c\"><img src=\"../../../theme/img/website-logo.png\" alt=\"\" width=\"162\" height=\"40\" /></td>
</tr>
<tr>
<td style=\"padding: 40px 30px 40px 30px;\" bgcolor=\"#ffffff\">
<table style=\"border-collapse: collapse; height: 95px; width: 100%;\" border=\"0\" width=\"100%\" cellspacing=\"0\" cellpadding=\"0\">
<tbody>
<tr style=\"height: 30px;\">
<td style=\"color: #153643; font-family: Arial, sans-serif; height: 30px;\">
<h1 style=\"font-size: 24px; margin: 0;\">New order assign to you for delivery</h1>
</td>
</tr>
<tr style=\"height: 47px;\">
<td style=\"color: #153643; font-family: Arial, sans-serif; font-size: 16px; line-height: 24px; padding: 20px 0px 30px; height: 47px;\">
<p style=\"margin: 0;\">Hi{name},</p>
<p style=\"margin: 0;\">New Order (Order ID:{order_id}) has been assigned to you for delivery.</p>
<p style=\"margin: 0;\">&nbsp;</p>
<p style=\"margin: 0;\">Order ID:{order_id}</p>
<p style=\"margin: 0;\">Order Status:{delivery_status}</p>
<p style=\"margin: 0;\">Payment Status:{payment_status}</p>
<p style=\"margin: 0;\">Payment Method:{payment_method}</p>
<p style=\"margin: 0;\">&nbsp;</p>
<p style=\"margin: 0;\">Thank you for shopping with us.</p>
<p style=\"margin: 0;\">&nbsp;</p>
<p style=\"margin: 0;\">Thank You</p>
<p style=\"margin: 0;\">Q Bazar</p>
</td>
</tr>
</tbody>
</table>
</td>
</tr>
<tr>
<td style=\"padding: 30px 30px;\" bgcolor=\"#1e1e2c\">
<table style=\"border-collapse: collapse; width: 99.4769%;\" border=\"0\" width=\"100%\" cellspacing=\"0\" cellpadding=\"0\">
<tbody>
<tr>
<td style=\"color: #ffffff; font-family: Arial, sans-serif; font-size: 14px; width: 99.8141%;\">
<p style=\"margin: 0px; text-align: center;\">&reg; Qbazar 2022</p>
</td>
</tr>
</tbody>
</table>
</td>
</tr>
</tbody>
</table>
</td>
</tr>
</tbody>
</table>','','2022-01-13 09:04:48');



DROP TABLE IF EXISTS failed_jobs;

CREATE TABLE `failed_jobs` (
  `id` bigint(20) unsigned NOT NULL AUTO_INCREMENT,
  `connection` text COLLATE utf8mb4_unicode_ci NOT NULL,
  `queue` text COLLATE utf8mb4_unicode_ci NOT NULL,
  `payload` longtext COLLATE utf8mb4_unicode_ci NOT NULL,
  `exception` longtext COLLATE utf8mb4_unicode_ci NOT NULL,
  `failed_at` timestamp NOT NULL DEFAULT current_timestamp(),
  PRIMARY KEY (`id`)
) ENGINE=InnoDB DEFAULT CHARSET=utf8mb4 COLLATE=utf8mb4_unicode_ci;




DROP TABLE IF EXISTS migrations;

CREATE TABLE `migrations` (
  `id` int(10) unsigned NOT NULL AUTO_INCREMENT,
  `migration` varchar(191) COLLATE utf8mb4_unicode_ci NOT NULL,
  `batch` int(11) NOT NULL,
  PRIMARY KEY (`id`)
) ENGINE=InnoDB AUTO_INCREMENT=29 DEFAULT CHARSET=utf8mb4 COLLATE=utf8mb4_unicode_ci;

INSERT INTO migrations VALUES('1','2014_10_12_000000_create_users_table','1');
INSERT INTO migrations VALUES('2','2014_10_12_100000_create_password_resets_table','1');
INSERT INTO migrations VALUES('3','2018_11_12_152015_create_email_templates_table','1');
INSERT INTO migrations VALUES('4','2019_08_19_000000_create_failed_jobs_table','1');
INSERT INTO migrations VALUES('5','2019_09_01_080940_create_settings_table','1');
INSERT INTO migrations VALUES('6','2020_07_02_145857_create_database_backups_table','1');
INSERT INTO migrations VALUES('7','2020_07_06_142817_create_roles_table','1');
INSERT INTO migrations VALUES('8','2020_07_06_143240_create_permissions_table','1');
INSERT INTO migrations VALUES('9','2021_05_24_081012_create_categories_table','1');
INSERT INTO migrations VALUES('10','2021_05_24_082200_create_category_translations_table','1');
INSERT INTO migrations VALUES('11','2021_05_24_082301_create_units_table','1');
INSERT INTO migrations VALUES('12','2021_05_24_082302_create_unit_translations_table','1');
INSERT INTO migrations VALUES('13','2021_05_24_082501_create_products_table','1');
INSERT INTO migrations VALUES('14','2021_05_24_082502_create_product_translations_table','1');
INSERT INTO migrations VALUES('15','2021_05_24_152754_create_coupons_table','1');
INSERT INTO migrations VALUES('16','2021_05_24_152844_create_coupon_translations_table','1');
INSERT INTO migrations VALUES('17','2021_05_24_171317_create_coupon_products_table','1');
INSERT INTO migrations VALUES('18','2021_05_24_171318_create_coupon_categories_table','1');
INSERT INTO migrations VALUES('19','2021_06_01_172141_create_orders_table','1');
INSERT INTO migrations VALUES('20','2021_06_01_172303_create_order_products_table','1');
INSERT INTO migrations VALUES('21','2021_06_02_142034_create_transactions_table','1');
INSERT INTO migrations VALUES('22','2021_07_02_145504_create_pages_table','1');
INSERT INTO migrations VALUES('23','2021_07_02_145952_create_page_translations_table','1');
INSERT INTO migrations VALUES('25','2022_02_20_065546_create_product_stocks_table','2');
INSERT INTO migrations VALUES('26','2022_02_24_070425_create_product_stocks_table','3');
INSERT INTO migrations VALUES('28','2022_02_28_103105_create_temp_products_table','4');



DROP TABLE IF EXISTS order_products;

CREATE TABLE `order_products` (
  `id` bigint(20) unsigned NOT NULL AUTO_INCREMENT,
  `order_id` bigint(20) unsigned NOT NULL,
  `product_id` bigint(20) unsigned NOT NULL,
  `unit_price` decimal(10,2) unsigned NOT NULL,
  `qty` int(11) NOT NULL,
  `line_total` decimal(10,2) unsigned NOT NULL,
  `created_at` timestamp NULL DEFAULT NULL,
  `updated_at` timestamp NULL DEFAULT NULL,
  PRIMARY KEY (`id`),
  KEY `order_products_order_id_foreign` (`order_id`),
  CONSTRAINT `order_products_order_id_foreign` FOREIGN KEY (`order_id`) REFERENCES `orders` (`id`) ON DELETE CASCADE
) ENGINE=InnoDB AUTO_INCREMENT=627 DEFAULT CHARSET=utf8mb4 COLLATE=utf8mb4_unicode_ci;

INSERT INTO order_products VALUES('255','73','560','59.00','2','118.00','2022-03-13 18:51:22','2022-03-13 18:51:22');
INSERT INTO order_products VALUES('259','75','572','360.00','1','360.00','2022-03-13 20:01:22','2022-03-13 20:01:22');
INSERT INTO order_products VALUES('260','75','559','19.00','5','95.00','2022-03-13 20:01:22','2022-03-13 20:01:22');
INSERT INTO order_products VALUES('261','75','560','59.00','2','118.00','2022-03-13 20:01:22','2022-03-13 20:01:22');
INSERT INTO order_products VALUES('262','76','524','16.00','5','80.00','2022-03-14 13:32:54','2022-03-14 13:32:54');
INSERT INTO order_products VALUES('263','77','559','19.00','3','57.00','2022-03-14 13:41:49','2022-03-14 13:41:49');
INSERT INTO order_products VALUES('278','79','579','125.00','1','125.00','2022-03-14 18:09:21','2022-03-14 18:09:21');
INSERT INTO order_products VALUES('279','79','582','130.00','1','130.00','2022-03-14 18:09:21','2022-03-14 18:09:21');
INSERT INTO order_products VALUES('280','79','580','120.00','1','120.00','2022-03-14 18:09:21','2022-03-14 18:09:21');
INSERT INTO order_products VALUES('281','79','584','335.00','1','335.00','2022-03-14 18:09:21','2022-03-14 18:09:21');
INSERT INTO order_products VALUES('282','79','588','129.00','2','258.00','2022-03-14 18:09:21','2022-03-14 18:09:21');
INSERT INTO order_products VALUES('283','79','587','49.00','1','49.00','2022-03-14 18:09:21','2022-03-14 18:09:21');
INSERT INTO order_products VALUES('284','79','589','75.00','1','75.00','2022-03-14 18:09:21','2022-03-14 18:09:21');
INSERT INTO order_products VALUES('285','79','560','59.00','2','118.00','2022-03-14 18:09:21','2022-03-14 18:09:21');
INSERT INTO order_products VALUES('303','81','524','16.00','2','32.00','2022-03-14 18:48:31','2022-03-14 18:48:31');
INSERT INTO order_products VALUES('304','81','576','210.00','1','210.00','2022-03-14 18:48:31','2022-03-14 18:48:31');
INSERT INTO order_products VALUES('305','81','577','45.00','3','135.00','2022-03-14 18:48:31','2022-03-14 18:48:31');
INSERT INTO order_products VALUES('306','81','560','59.00','5','295.00','2022-03-14 18:48:31','2022-03-14 18:48:31');
INSERT INTO order_products VALUES('307','81','464','85.00','1','85.00','2022-03-14 18:48:31','2022-03-14 18:48:31');
INSERT INTO order_products VALUES('308','81','258','60.00','1','60.00','2022-03-14 18:48:31','2022-03-14 18:48:31');
INSERT INTO order_products VALUES('309','81','246','70.00','1','70.00','2022-03-14 18:48:31','2022-03-14 18:48:31');
INSERT INTO order_products VALUES('310','81','392','53.00','1','53.00','2022-03-14 18:48:31','2022-03-14 18:48:31');
INSERT INTO order_products VALUES('311','81','389','95.00','1','95.00','2022-03-14 18:48:31','2022-03-14 18:48:31');
INSERT INTO order_products VALUES('312','81','400','82.00','2','164.00','2022-03-14 18:48:31','2022-03-14 18:48:31');
INSERT INTO order_products VALUES('313','81','523','110.00','1','110.00','2022-03-14 18:48:31','2022-03-14 18:48:31');
INSERT INTO order_products VALUES('314','81','438','135.00','1','135.00','2022-03-14 18:48:31','2022-03-14 18:48:31');
INSERT INTO order_products VALUES('315','81','445','35.00','1','35.00','2022-03-14 18:48:31','2022-03-14 18:48:31');
INSERT INTO order_products VALUES('316','81','587','49.00','2','98.00','2022-03-14 18:48:31','2022-03-14 18:48:31');
INSERT INTO order_products VALUES('317','81','588','129.00','1','129.00','2022-03-14 18:48:31','2022-03-14 18:48:31');
INSERT INTO order_products VALUES('318','81','589','75.00','1','75.00','2022-03-14 18:48:31','2022-03-14 18:48:31');
INSERT INTO order_products VALUES('319','81','590','48.00','1','48.00','2022-03-14 18:48:31','2022-03-14 18:48:31');
INSERT INTO order_products VALUES('320','82','596','250.00','1','250.00','2022-03-14 19:00:05','2022-03-14 19:00:05');
INSERT INTO order_products VALUES('323','85','605','90.00','10','900.00','2022-03-15 17:52:45','2022-03-15 17:52:45');
INSERT INTO order_products VALUES('324','86','559','19.00','2','38.00','2022-03-15 19:16:55','2022-03-15 19:16:55');
INSERT INTO order_products VALUES('325','87','595','129.00','2','258.00','2022-03-15 19:19:39','2022-03-15 19:19:39');
INSERT INTO order_products VALUES('326','87','606','79.00','1','79.00','2022-03-15 19:19:39','2022-03-15 19:19:39');
INSERT INTO order_products VALUES('327','88','503','60.00','1','60.00','2022-03-16 18:15:33','2022-03-16 18:15:33');
INSERT INTO order_products VALUES('328','88','563','90.00','1','90.00','2022-03-16 18:15:33','2022-03-16 18:15:33');
INSERT INTO order_products VALUES('329','88','470','195.00','1','195.00','2022-03-16 18:15:33','2022-03-16 18:15:33');
INSERT INTO order_products VALUES('330','88','579','125.00','1','125.00','2022-03-16 18:15:33','2022-03-16 18:15:33');
INSERT INTO order_products VALUES('331','89','585','96.00','1','96.00','2022-03-16 18:52:44','2022-03-16 18:52:44');
INSERT INTO order_products VALUES('332','89','461','35.00','2','70.00','2022-03-16 18:52:44','2022-03-16 18:52:44');
INSERT INTO order_products VALUES('333','90','618','65.00','6','390.00','2022-03-17 13:04:13','2022-03-17 13:04:13');
INSERT INTO order_products VALUES('334','90','617','60.00','8','480.00','2022-03-17 13:04:13','2022-03-17 13:04:13');
INSERT INTO order_products VALUES('335','91','594','60.00','1','60.00','2022-03-18 17:41:04','2022-03-18 17:41:04');
INSERT INTO order_products VALUES('336','91','577','45.00','2','90.00','2022-03-18 17:41:04','2022-03-18 17:41:04');
INSERT INTO order_products VALUES('337','91','575','140.00','1','140.00','2022-03-18 17:41:04','2022-03-18 17:41:04');
INSERT INTO order_products VALUES('338','91','574','5.00','2','10.00','2022-03-18 17:41:04','2022-03-18 17:41:04');
INSERT INTO order_products VALUES('339','92','561','130.00','3','390.00','2022-03-20 14:29:30','2022-03-20 14:29:30');
INSERT INTO order_products VALUES('340','92','623','38.00','1','38.00','2022-03-20 14:29:30','2022-03-20 14:29:30');
INSERT INTO order_products VALUES('341','93','516','495.00','1','495.00','2022-03-20 14:41:12','2022-03-20 14:41:12');
INSERT INTO order_products VALUES('342','93','618','68.00','2','136.00','2022-03-20 14:41:12','2022-03-20 14:41:12');
INSERT INTO order_products VALUES('343','93','617','59.00','2','118.00','2022-03-20 14:41:12','2022-03-20 14:41:12');
INSERT INTO order_products VALUES('347','95','559','20.00','3','60.00','2022-03-20 19:29:47','2022-03-20 19:29:47');
INSERT INTO order_products VALUES('348','95','624','115.00','2','230.00','2022-03-20 19:29:47','2022-03-20 19:29:47');
INSERT INTO order_products VALUES('349','95','623','38.00','1','38.00','2022-03-20 19:29:47','2022-03-20 19:29:47');
INSERT INTO order_products VALUES('351','97','400','82.00','1','82.00','2022-03-21 19:06:48','2022-03-21 19:06:48');
INSERT INTO order_products VALUES('352','97','560','45.00','2','90.00','2022-03-21 19:06:48','2022-03-21 19:06:48');
INSERT INTO order_products VALUES('353','98','595','129.00','3','387.00','2022-03-22 10:27:02','2022-03-22 10:27:02');
INSERT INTO order_products VALUES('354','99','605','90.00','10','900.00','2022-03-22 12:28:55','2022-03-22 12:28:55');
INSERT INTO order_products VALUES('355','100','626','120.00','1','120.00','2022-03-23 16:30:14','2022-03-23 16:30:14');
INSERT INTO order_products VALUES('356','100','592','25.00','1','25.00','2022-03-23 16:30:14','2022-03-23 16:30:14');
INSERT INTO order_products VALUES('357','100','446','100.00','1','100.00','2022-03-23 16:30:14','2022-03-23 16:30:14');
INSERT INTO order_products VALUES('358','101','559','20.00','3','60.00','2022-03-25 08:41:39','2022-03-25 08:41:39');
INSERT INTO order_products VALUES('359','101','506','150.00','1','150.00','2022-03-25 08:41:39','2022-03-25 08:41:39');
INSERT INTO order_products VALUES('360','101','508','65.00','1','65.00','2022-03-25 08:41:39','2022-03-25 08:41:39');
INSERT INTO order_products VALUES('363','103','572','360.00','1','360.00','2022-03-25 22:15:10','2022-03-25 22:15:10');
INSERT INTO order_products VALUES('370','108','620','59.00','2','118.00','2022-03-26 15:56:32','2022-03-26 15:56:32');
INSERT INTO order_products VALUES('371','109','585','96.00','1','96.00','2022-03-27 11:57:30','2022-03-27 11:57:30');
INSERT INTO order_products VALUES('372','109','606','79.00','3','237.00','2022-03-27 11:57:30','2022-03-27 11:57:30');
INSERT INTO order_products VALUES('373','109','582','130.00','1','130.00','2022-03-27 11:57:30','2022-03-27 11:57:30');
INSERT INTO order_products VALUES('380','113','560','40.00','3','120.00','2022-03-27 14:59:53','2022-03-27 14:59:53');
INSERT INTO order_products VALUES('381','113','562','125.00','1','125.00','2022-03-27 14:59:53','2022-03-27 14:59:53');
INSERT INTO order_products VALUES('382','114','560','40.00','2','80.00','2022-03-27 15:03:55','2022-03-27 15:03:55');
INSERT INTO order_products VALUES('383','114','606','79.00','1','79.00','2022-03-27 15:03:55','2022-03-27 15:03:55');
INSERT INTO order_products VALUES('384','114','629','48.00','1','48.00','2022-03-27 15:03:55','2022-03-27 15:03:55');
INSERT INTO order_products VALUES('395','125','568','1050.00','2','2100.00','2022-03-28 10:29:03','2022-03-28 10:29:03');
INSERT INTO order_products VALUES('396','125','571','400.00','1','400.00','2022-03-28 10:29:03','2022-03-28 10:29:03');
INSERT INTO order_products VALUES('397','125','570','450.00','2','900.00','2022-03-28 10:29:03','2022-03-28 10:29:03');
INSERT INTO order_products VALUES('398','126','559','20.00','10','200.00','2022-03-28 10:31:59','2022-03-28 10:31:59');
INSERT INTO order_products VALUES('411','138','560','38.00','10','380.00','2022-03-29 16:45:33','2022-03-29 16:45:33');
INSERT INTO order_products VALUES('412','139','564','95.00','1','95.00','2022-03-29 16:46:39','2022-03-29 16:46:39');
INSERT INTO order_products VALUES('413','140','625','40.00','2','80.00','2022-03-29 16:47:36','2022-03-29 16:47:36');
INSERT INTO order_products VALUES('414','141','598','55.00','2','110.00','2022-03-29 16:54:33','2022-03-29 16:54:33');
INSERT INTO order_products VALUES('415','141','646','85.00','5','425.00','2022-03-29 16:54:33','2022-03-29 16:54:33');
INSERT INTO order_products VALUES('416','141','645','35.00','5','175.00','2022-03-29 16:54:33','2022-03-29 16:54:33');
INSERT INTO order_products VALUES('417','141','591','110.00','1','110.00','2022-03-29 16:54:33','2022-03-29 16:54:33');
INSERT INTO order_products VALUES('418','141','647','550.00','1','550.00','2022-03-29 16:54:33','2022-03-29 16:54:33');
INSERT INTO order_products VALUES('419','141','651','60.00','4','240.00','2022-03-29 16:54:33','2022-03-29 16:54:33');
INSERT INTO order_products VALUES('420','142','571','400.00','1','400.00','2022-03-29 17:01:28','2022-03-29 17:01:28');
INSERT INTO order_products VALUES('450','149','439','1100.00','1','1100.00','2022-03-30 13:02:56','2022-03-30 13:02:56');
INSERT INTO order_products VALUES('451','149','582','130.00','1','130.00','2022-03-30 13:02:56','2022-03-30 13:02:56');
INSERT INTO order_products VALUES('456','153','604','170.00','1','170.00','2022-03-31 12:21:49','2022-03-31 12:21:49');
INSERT INTO order_products VALUES('457','153','560','32.00','10','320.00','2022-03-31 12:21:49','2022-03-31 12:21:49');
INSERT INTO order_products VALUES('458','153','645','35.00','2','70.00','2022-03-31 12:21:49','2022-03-31 12:21:49');
INSERT INTO order_products VALUES('459','153','634','119.00','1','119.00','2022-03-31 12:21:49','2022-03-31 12:21:49');
INSERT INTO order_products VALUES('460','153','606','79.00','30','2370.00','2022-03-31 12:21:49','2022-03-31 12:21:49');
INSERT INTO order_products VALUES('461','153','419','55.00','2','110.00','2022-03-31 12:21:49','2022-03-31 12:21:49');
INSERT INTO order_products VALUES('462','153','673','135.00','1','135.00','2022-03-31 12:21:49','2022-03-31 12:21:49');
INSERT INTO order_products VALUES('463','153','666','60.00','1','60.00','2022-03-31 12:21:49','2022-03-31 12:21:49');
INSERT INTO order_products VALUES('464','153','682','255.00','15','3825.00','2022-03-31 12:21:49','2022-03-31 12:21:49');
INSERT INTO order_products VALUES('465','153','683','320.00','20','6400.00','2022-03-31 12:21:49','2022-03-31 12:21:49');
INSERT INTO order_products VALUES('482','157','646','85.00','2','170.00','2022-03-31 18:10:15','2022-03-31 18:10:15');
INSERT INTO order_products VALUES('483','157','586','50.00','1','50.00','2022-03-31 18:10:15','2022-03-31 18:10:15');
INSERT INTO order_products VALUES('484','157','680','250.00','1','250.00','2022-03-31 18:10:15','2022-03-31 18:10:15');
INSERT INTO order_products VALUES('485','157','675','245.00','1','245.00','2022-03-31 18:10:15','2022-03-31 18:10:15');
INSERT INTO order_products VALUES('486','157','681','20.00','2','40.00','2022-03-31 18:10:15','2022-03-31 18:10:15');
INSERT INTO order_products VALUES('487','158','684','650.00','1','650.00','2022-03-31 18:21:17','2022-03-31 18:21:17');
INSERT INTO order_products VALUES('488','158','657','375.00','1','375.00','2022-03-31 18:21:17','2022-03-31 18:21:17');
INSERT INTO order_products VALUES('489','158','520','74.00','15','1110.00','2022-03-31 18:21:17','2022-03-31 18:21:17');
INSERT INTO order_products VALUES('490','158','559','20.00','5','100.00','2022-03-31 18:21:17','2022-03-31 18:21:17');
INSERT INTO order_products VALUES('491','158','560','32.00','5','160.00','2022-03-31 18:21:17','2022-03-31 18:21:17');
INSERT INTO order_products VALUES('492','158','606','79.00','1','79.00','2022-03-31 18:21:17','2022-03-31 18:21:17');
INSERT INTO order_products VALUES('493','158','651','60.00','2','120.00','2022-03-31 18:21:17','2022-03-31 18:21:17');
INSERT INTO order_products VALUES('494','158','586','50.00','1','50.00','2022-03-31 18:21:17','2022-03-31 18:21:17');
INSERT INTO order_products VALUES('495','158','399','43.00','1','43.00','2022-03-31 18:21:17','2022-03-31 18:21:17');
INSERT INTO order_products VALUES('496','158','395','20.00','1','20.00','2022-03-31 18:21:17','2022-03-31 18:21:17');
INSERT INTO order_products VALUES('497','159','443','105.00','2','210.00','2022-03-31 19:33:08','2022-03-31 19:33:08');
INSERT INTO order_products VALUES('498','159','449','55.00','2','110.00','2022-03-31 19:33:08','2022-03-31 19:33:08');
INSERT INTO order_products VALUES('499','159','685','540.00','1','540.00','2022-03-31 19:33:08','2022-03-31 19:33:08');
INSERT INTO order_products VALUES('500','159','686','90.00','1','90.00','2022-03-31 19:33:08','2022-03-31 19:33:08');
INSERT INTO order_products VALUES('501','159','679','175.00','6','1050.00','2022-03-31 19:33:08','2022-03-31 19:33:08');
INSERT INTO order_products VALUES('502','159','680','250.00','1','250.00','2022-03-31 19:33:08','2022-03-31 19:33:08');
INSERT INTO order_products VALUES('503','160','569','850.00','1','850.00','2022-03-31 19:57:22','2022-03-31 19:57:22');
INSERT INTO order_products VALUES('504','160','655','840.00','1','840.00','2022-03-31 19:57:22','2022-03-31 19:57:22');
INSERT INTO order_products VALUES('505','160','656','370.00','1','370.00','2022-03-31 19:57:22','2022-03-31 19:57:22');
INSERT INTO order_products VALUES('506','161','651','60.00','6','360.00','2022-03-31 20:02:50','2022-03-31 20:02:50');
INSERT INTO order_products VALUES('507','162','520','74.00','10','740.00','2022-04-01 00:48:53','2022-04-01 00:48:53');
INSERT INTO order_products VALUES('508','162','645','35.00','1','35.00','2022-04-01 00:48:53','2022-04-01 00:48:53');
INSERT INTO order_products VALUES('509','162','606','79.00','3','237.00','2022-04-01 00:48:53','2022-04-01 00:48:53');
INSERT INTO order_products VALUES('510','162','529','175.00','1','175.00','2022-04-01 00:48:53','2022-04-01 00:48:53');
INSERT INTO order_products VALUES('511','163','559','20.00','3','60.00','2022-04-01 11:38:43','2022-04-01 11:38:43');
INSERT INTO order_products VALUES('512','163','560','32.00','5','160.00','2022-04-01 11:38:43','2022-04-01 11:38:43');
INSERT INTO order_products VALUES('514','165','565','650.00','10','6500.00','2022-04-02 10:51:48','2022-04-02 10:51:48');
INSERT INTO order_products VALUES('515','166','565','650.00','5','3250.00','2022-04-02 10:56:19','2022-04-02 10:56:19');
INSERT INTO order_products VALUES('516','167','691','400.00','1','400.00','2022-04-02 16:51:40','2022-04-02 16:51:40');
INSERT INTO order_products VALUES('517','167','696','160.00','1','160.00','2022-04-02 16:51:40','2022-04-02 16:51:40');
INSERT INTO order_products VALUES('518','167','446','100.00','3','300.00','2022-04-02 16:51:40','2022-04-02 16:51:40');
INSERT INTO order_products VALUES('519','167','502','45.00','4','180.00','2022-04-02 16:51:40','2022-04-02 16:51:40');
INSERT INTO order_products VALUES('520','167','692','120.00','1','120.00','2022-04-02 16:51:40','2022-04-02 16:51:40');
INSERT INTO order_products VALUES('521','167','559','20.00','3','60.00','2022-04-02 16:51:40','2022-04-02 16:51:40');
INSERT INTO order_products VALUES('522','167','560','32.00','3','96.00','2022-04-02 16:51:40','2022-04-02 16:51:40');
INSERT INTO order_products VALUES('523','167','564','95.00','4','380.00','2022-04-02 16:51:40','2022-04-02 16:51:40');
INSERT INTO order_products VALUES('524','167','634','119.00','1','119.00','2022-04-02 16:51:40','2022-04-02 16:51:40');
INSERT INTO order_products VALUES('525','167','689','750.00','1','750.00','2022-04-02 16:51:40','2022-04-02 16:51:40');
INSERT INTO order_products VALUES('539','169','615','100.00','2','200.00','2022-04-02 17:31:28','2022-04-02 17:31:28');
INSERT INTO order_products VALUES('540','169','698','118.00','2','236.00','2022-04-02 17:31:28','2022-04-02 17:31:28');
INSERT INTO order_products VALUES('541','169','645','35.00','1','35.00','2022-04-02 17:31:28','2022-04-02 17:31:28');
INSERT INTO order_products VALUES('542','169','561','125.00','5','625.00','2022-04-02 17:31:28','2022-04-02 17:31:28');
INSERT INTO order_products VALUES('543','169','560','35.00','10','350.00','2022-04-02 17:31:28','2022-04-02 17:31:28');
INSERT INTO order_products VALUES('544','169','690','95.00','5','475.00','2022-04-02 17:31:28','2022-04-02 17:31:28');
INSERT INTO order_products VALUES('545','169','689','760.00','2','1520.00','2022-04-02 17:31:28','2022-04-02 17:31:28');
INSERT INTO order_products VALUES('546','169','687','96.00','3','288.00','2022-04-02 17:31:28','2022-04-02 17:31:28');
INSERT INTO order_products VALUES('547','169','580','120.00','2','240.00','2022-04-02 17:31:28','2022-04-02 17:31:28');
INSERT INTO order_products VALUES('548','169','579','125.00','5','625.00','2022-04-02 17:31:28','2022-04-02 17:31:28');
INSERT INTO order_products VALUES('549','169','585','96.00','2','192.00','2022-04-02 17:31:28','2022-04-02 17:31:28');
INSERT INTO order_products VALUES('550','169','688','58.00','5','290.00','2022-04-02 17:31:28','2022-04-02 17:31:28');
INSERT INTO order_products VALUES('551','169','606','79.00','5','395.00','2022-04-02 17:31:28','2022-04-02 17:31:28');
INSERT INTO order_products VALUES('552','170','701','120.00','1','120.00','2022-04-03 11:30:57','2022-04-03 11:30:57');
INSERT INTO order_products VALUES('553','170','634','119.00','1','119.00','2022-04-03 11:30:57','2022-04-03 11:30:57');
INSERT INTO order_products VALUES('561','172','591','110.00','5','550.00','2022-04-03 12:22:41','2022-04-03 12:22:41');
INSERT INTO order_products VALUES('562','172','606','79.00','5','395.00','2022-04-03 12:22:41','2022-04-03 12:22:41');
INSERT INTO order_products VALUES('563','172','645','35.00','2','70.00','2022-04-03 12:22:41','2022-04-03 12:22:41');
INSERT INTO order_products VALUES('564','172','685','540.00','2','1080.00','2022-04-03 12:22:41','2022-04-03 12:22:41');
INSERT INTO order_products VALUES('565','172','706','82.00','5','410.00','2022-04-03 12:22:41','2022-04-03 12:22:41');
INSERT INTO order_products VALUES('566','172','560','35.00','3','105.00','2022-04-03 12:22:41','2022-04-03 12:22:41');
INSERT INTO order_products VALUES('567','172','651','60.00','6','360.00','2022-04-03 12:22:41','2022-04-03 12:22:41');
INSERT INTO order_products VALUES('577','177','605','90.00','20','1800.00','2022-04-03 15:54:56','2022-04-03 15:54:56');
INSERT INTO order_products VALUES('578','177','565','650.00','5','3250.00','2022-04-03 15:54:56','2022-04-03 15:54:56');
INSERT INTO order_products VALUES('591','180','605','90.00','5','450.00','2022-04-03 20:04:36','2022-04-03 20:04:36');
INSERT INTO order_products VALUES('592','180','579','125.00','3','375.00','2022-04-03 20:04:36','2022-04-03 20:04:36');
INSERT INTO order_products VALUES('595','182','606','79.00','3','237.00','2022-04-04 12:04:48','2022-04-04 12:04:48');
INSERT INTO order_products VALUES('596','182','560','35.00','3','105.00','2022-04-04 12:04:48','2022-04-04 12:04:48');
INSERT INTO order_products VALUES('597','182','559','20.00','6','120.00','2022-04-04 12:04:48','2022-04-04 12:04:48');
INSERT INTO order_products VALUES('598','182','711','160.00','3','480.00','2022-04-04 12:04:48','2022-04-04 12:04:48');
INSERT INTO order_products VALUES('599','182','706','82.00','3','246.00','2022-04-04 12:04:48','2022-04-04 12:04:48');
INSERT INTO order_products VALUES('600','182','651','60.00','2','120.00','2022-04-04 12:04:48','2022-04-04 12:04:48');
INSERT INTO order_products VALUES('609','189','404','15.00','1','15.00','2022-04-05 09:57:46','2022-04-05 09:57:46');
INSERT INTO order_products VALUES('611','191','565','650.00','5','3250.00','2022-04-05 14:06:28','2022-04-05 14:06:28');
INSERT INTO order_products VALUES('612','192','760','125.00','2','250.00','2022-04-05 16:15:00','2022-04-05 16:15:00');
INSERT INTO order_products VALUES('613','192','580','120.00','1','120.00','2022-04-05 16:15:00','2022-04-05 16:15:00');
INSERT INTO order_products VALUES('614','192','583','69.00','1','69.00','2022-04-05 16:15:00','2022-04-05 16:15:00');
INSERT INTO order_products VALUES('615','192','606','79.00','1','79.00','2022-04-05 16:15:00','2022-04-05 16:15:00');
INSERT INTO order_products VALUES('616','193','565','650.00','2','1300.00','2022-04-05 16:38:22','2022-04-05 16:38:22');
INSERT INTO order_products VALUES('617','194','605','90.00','1','90.00','2022-04-06 12:29:34','2022-04-06 12:29:34');
INSERT INTO order_products VALUES('618','195','769','240.00','1','240.00','2022-04-06 13:09:58','2022-04-06 13:09:58');
INSERT INTO order_products VALUES('619','195','767','200.00','2','400.00','2022-04-06 13:09:58','2022-04-06 13:09:58');
INSERT INTO order_products VALUES('620','195','773','570.00','1','570.00','2022-04-06 13:09:58','2022-04-06 13:09:58');
INSERT INTO order_products VALUES('621','195','606','79.00','2','158.00','2022-04-06 13:09:58','2022-04-06 13:09:58');
INSERT INTO order_products VALUES('622','195','777','380.00','1','380.00','2022-04-06 13:09:58','2022-04-06 13:09:58');
INSERT INTO order_products VALUES('623','196','767','200.00','1','200.00','2022-04-06 14:37:47','2022-04-06 14:37:47');
INSERT INTO order_products VALUES('624','196','780','269.00','1','269.00','2022-04-06 14:37:47','2022-04-06 14:37:47');
INSERT INTO order_products VALUES('625','196','752','180.00','1','180.00','2022-04-06 14:37:47','2022-04-06 14:37:47');
INSERT INTO order_products VALUES('626','196','775','620.00','1','620.00','2022-04-06 14:37:47','2022-04-06 14:37:47');



DROP TABLE IF EXISTS order_responses;

CREATE TABLE `order_responses` (
  `id` int(11) NOT NULL AUTO_INCREMENT,
  `order_id` int(11) NOT NULL,
  `status` int(11) NOT NULL,
  `created_at` timestamp NOT NULL DEFAULT current_timestamp() ON UPDATE current_timestamp(),
  `updated_at` timestamp NOT NULL DEFAULT '0000-00-00 00:00:00',
  PRIMARY KEY (`id`)
) ENGINE=InnoDB AUTO_INCREMENT=3 DEFAULT CHARSET=utf8mb4 COLLATE=utf8mb4_unicode_ci;

INSERT INTO order_responses VALUES('1','66','0','2022-03-08 14:29:29','2022-03-08 12:29:16');
INSERT INTO order_responses VALUES('2','85','1','2022-03-16 11:00:36','2022-03-16 11:00:36');



DROP TABLE IF EXISTS orders;

CREATE TABLE `orders` (
  `id` bigint(20) unsigned NOT NULL AUTO_INCREMENT,
  `customer_id` bigint(20) DEFAULT NULL,
  `customer_name` varchar(191) COLLATE utf8mb4_unicode_ci NOT NULL,
  `customer_email` varchar(191) COLLATE utf8mb4_unicode_ci NOT NULL,
  `customer_phone` varchar(191) COLLATE utf8mb4_unicode_ci NOT NULL,
  `shipping_address` text COLLATE utf8mb4_unicode_ci NOT NULL,
  `sub_total` decimal(10,2) unsigned NOT NULL,
  `shipping_method` varchar(191) COLLATE utf8mb4_unicode_ci NOT NULL,
  `shipping_cost` decimal(10,2) unsigned NOT NULL,
  `coupon_id` bigint(20) DEFAULT NULL,
  `discount` decimal(10,2) unsigned NOT NULL,
  `total` decimal(10,2) unsigned NOT NULL,
  `currency` varchar(3) COLLATE utf8mb4_unicode_ci DEFAULT NULL,
  `payment_method` varchar(191) COLLATE utf8mb4_unicode_ci DEFAULT NULL,
  `payment_status` varchar(20) COLLATE utf8mb4_unicode_ci NOT NULL,
  `delivery_status` varchar(20) COLLATE utf8mb4_unicode_ci NOT NULL,
  `delivery_boy_id` bigint(20) DEFAULT NULL,
  `note` text COLLATE utf8mb4_unicode_ci DEFAULT NULL,
  `delivery_type` varchar(10) COLLATE utf8mb4_unicode_ci NOT NULL DEFAULT 'express',
  `delivery_time` datetime DEFAULT NULL,
  `created_at` timestamp NULL DEFAULT NULL,
  `updated_at` timestamp NULL DEFAULT NULL,
  PRIMARY KEY (`id`)
) ENGINE=InnoDB AUTO_INCREMENT=197 DEFAULT CHARSET=utf8mb4 COLLATE=utf8mb4_unicode_ci;

INSERT INTO orders VALUES('73','58','Md Wahiduzzaman','mwzaman60@gmail.com','01979800171','213/C, 5th floor','118.00','Flat Rate','0.00','','0.00','118.00','BDT','cash_on_delivery','paid','completed','23','','express','2022-03-13 19:03:51','2022-03-13 18:51:22','2022-03-13 19:02:04');
INSERT INTO orders VALUES('75','64','Md. Shahidul haque','shaid.exotica@gmail.com','01688636379','264/C Khilgaon','573.00','Flat Rate','0.00','','0.00','573.00','BDT','cash_on_delivery','paid','completed','','','express','2022-03-13 21:03:01','2022-03-13 20:01:22','2022-03-14 13:14:44');
INSERT INTO orders VALUES('76','67','Imran Ahmed','imranafiya270@gmail.com','01921873270','464/C, khilgaon, Dhaka, 1219','80.00','Flat Rate','0.00','','0.00','80.00','BDT','cash_on_delivery','paid','completed','','','express','2022-03-14 14:03:32','2022-03-14 13:32:54','2022-03-14 13:38:16');
INSERT INTO orders VALUES('77','58','Md Wahiduzzaman','mwzaman60@gmail.com','01979800171','213/C, 5th floor','57.00','Flat Rate','0.00','','0.00','57.00','BDT','cash_on_delivery','paid','completed','','','express','2022-03-14 14:03:41','2022-03-14 13:41:49','2022-03-14 17:03:51');
INSERT INTO orders VALUES('79','66','Ms. Syeda Hazera Khatun','soyeda.merina@gmail.com','01824674812','464/C, Khilgaon, Dhaka','1210.00','Flat Rate','0.00','','0.00','1210.00','BDT','cash_on_delivery','paid','completed','','','express','2022-03-14 19:03:09','2022-03-14 18:09:21','2022-03-14 19:07:06');
INSERT INTO orders VALUES('81','11','Raihan Kabir','raihanmac79@gmail.com','79807980','Haven Is Home Investment 
P.O.BOX- 7288
Manzini','1829.00','Flat Rate','0.00','','0.00','1829.00','BDT','cash_on_delivery','paid','completed','','','express','2022-03-14 19:03:48','2022-03-14 18:48:31','2022-03-15 14:08:20');
INSERT INTO orders VALUES('82','66','Ms. Syeda Zohora Khatun','soyeda.merina@gmail.com','01824674812','464/C, Khilgaon, Dhaka','250.00','Flat Rate','0.00','','0.00','250.00','BDT','cash_on_delivery','paid','completed','','','express','2022-03-14 20:03:00','2022-03-14 19:00:05','2022-03-14 19:06:37');
INSERT INTO orders VALUES('85','68','Admin Chairperson','chairperson1122@gmail.com','01321177233','House No.-27, Flat-2/B, Road-7, Dhanmondi.','900.00','Flat Rate','0.00','','0.00','900.00','BDT','cash_on_delivery','paid','completed','','','express','2022-03-15 18:03:52','2022-03-15 17:52:45','2022-04-04 10:55:48');
INSERT INTO orders VALUES('86','58','Md Wahiduzzaman','mwzaman60@gmail.com','01979800171','213/C, 5th floor','38.00','Flat Rate','0.00','','0.00','38.00','BDT','cash_on_delivery','paid','completed','','','express','2022-03-15 20:03:16','2022-03-15 19:16:55','2022-03-15 19:24:12');
INSERT INTO orders VALUES('87','69','Md. Shahidul Haque','shahid.exotica@gmail.com','01688636379','464/C Khilgaon','337.00','Flat Rate','0.00','','0.00','337.00','BDT','cash_on_delivery','paid','completed','','','express','2022-03-15 20:03:19','2022-03-15 19:19:39','2022-03-15 19:23:54');
INSERT INTO orders VALUES('88','67','Imran Ahmed','imranafiya270@gmail.com','01921873270','464/C, khilgaon, Dhaka, 1219','470.00','Flat Rate','0.00','','0.00','470.00','BDT','cash_on_delivery','paid','completed','','','express','2022-03-16 19:03:15','2022-03-16 18:15:33','2022-03-16 18:16:26');
INSERT INTO orders VALUES('89','58','Md Wahiduzzaman','mwzaman60@gmail.com','01979800171','213/C, 5th floor','166.00','Flat Rate','0.00','','0.00','166.00','BDT','cash_on_delivery','paid','completed','','','express','2022-03-16 19:03:52','2022-03-16 18:52:44','2022-03-16 18:54:28');
INSERT INTO orders VALUES('90','58','Md Wahiduzzaman','mwzaman60@gmail.com','01979800171','213/C, 5th floor','870.00','Flat Rate','0.00','','0.00','870.00','BDT','cash_on_delivery','paid','completed','','','express','2022-03-17 14:03:04','2022-03-17 13:04:13','2022-03-17 14:10:37');
INSERT INTO orders VALUES('91','58','Md Wahiduzzaman','mwzaman60@gmail.com','01979800171','213/C, 5th floor','300.00','Flat Rate','0.00','','0.00','300.00','BDT','cash_on_delivery','paid','completed','','','express','2022-03-18 18:03:41','2022-03-18 17:41:04','2022-03-20 10:05:50');
INSERT INTO orders VALUES('92','66','Ms. Syeda Zohora Khatun','soyeda.merina@gmail.com','01824674812','464/C, Khilgaon, Dhaka','428.00','Flat Rate','0.00','','0.00','428.00','BDT','cash_on_delivery','paid','completed','','','express','2022-03-20 15:03:29','2022-03-20 14:29:30','2022-03-23 10:59:26');
INSERT INTO orders VALUES('93','69','Md. Shahidul Haque','shahid.exotica@gmail.com','01688636379','464/C Khilgaon','749.00','Flat Rate','0.00','','0.00','749.00','BDT','cash_on_delivery','paid','completed','','','express','2022-03-20 15:03:41','2022-03-20 14:41:12','2022-03-22 10:51:22');
INSERT INTO orders VALUES('95','71','Mr. Ashraful Haque','ashrafulhaque.dhk@gmail.com','01931408363','239/C (2nd floor) Khilgaon, Dhaka','328.00','Flat Rate','0.00','','0.00','328.00','BDT','cash_on_delivery','paid','completed','','','express','2022-03-20 20:03:29','2022-03-20 19:29:47','2022-03-21 10:39:43');
INSERT INTO orders VALUES('97','58','Md Wahiduzzaman','mwzaman60@gmail.com','01979800171','213/C, 5th floor','172.00','Flat Rate','0.00','','0.00','172.00','BDT','cash_on_delivery','paid','completed','','','express','2022-03-21 20:03:06','2022-03-21 19:06:48','2022-03-21 19:07:17');
INSERT INTO orders VALUES('98','69','Md. Shahidul Haque','shahid.exotica@gmail.com','01688636379','464/C Khilgaon','387.00','Flat Rate','0.00','','0.00','387.00','BDT','cash_on_delivery','paid','completed','','','express','2022-03-22 11:03:27','2022-03-22 10:27:02','2022-03-22 10:51:45');
INSERT INTO orders VALUES('99','68','Admin Chairperson','chairperson1122@gmail.com','01321177233','House No.-27, Flat-2/B, Road-7, Dhanmondi.','900.00','Flat Rate','0.00','','0.00','900.00','BDT','cash_on_delivery','paid','completed','','','express','2022-03-22 13:03:28','2022-03-22 12:28:55','2022-04-04 10:56:11');
INSERT INTO orders VALUES('100','58','Md Wahiduzzaman','mwzaman60@gmail.com','01979800171','213/C, 5th floor','245.00','Flat Rate','0.00','','0.00','245.00','BDT','cash_on_delivery','paid','completed','','','express','2022-03-23 17:03:30','2022-03-23 16:30:14','2022-03-23 16:39:30');
INSERT INTO orders VALUES('101','58','Md Wahiduzzaman','mwzaman60@gmail.com','01979800171','213/C, 5th floor','275.00','Flat Rate','0.00','','0.00','275.00','BDT','cash_on_delivery','paid','completed','','Today within 9.00am','express','2022-03-25 09:03:41','2022-03-25 08:41:39','2022-03-27 08:32:33');
INSERT INTO orders VALUES('103','73','pappo wahid','pappow@gmail.com','01791001818','Kha 116/1 South Badda Dhaka 1212','360.00','Flat Rate','0.00','','0.00','360.00','BDT','cash_on_delivery','paid','completed','','','express','2022-03-25 23:03:15','2022-03-25 22:15:10','2022-03-26 19:30:44');
INSERT INTO orders VALUES('108','82','pappu','bdelectricalmkt201@gmail.com','01791001818','Kha 116/1 South Badda Dhaka 1212','118.00','Flat Rate','0.00','','0.00','118.00','BDT','cash_on_delivery','paid','completed','','','express','2022-03-26 16:03:56','2022-03-26 15:56:32','2022-03-26 19:29:40');
INSERT INTO orders VALUES('109','68','Admin Chairperson','chairperson1122@gmail.com','01321177233','House No.-27, Flat-2/B, Road-7, Dhanmondi.','463.00','Flat Rate','0.00','','0.00','463.00','BDT','cash_on_delivery','paid','completed','','','express','2022-03-27 12:03:57','2022-03-27 11:57:30','2022-03-30 13:08:55');
INSERT INTO orders VALUES('113','69','Md. Shahidul Haque','shahid.exotica@gmail.com','01688636379','464/C Khilgaon','245.00','Flat Rate','0.00','','0.00','245.00','BDT','cash_on_delivery','pending','processing','','','express','2022-03-27 15:03:59','2022-03-27 14:59:53','2022-03-27 15:00:21');
INSERT INTO orders VALUES('114','66','Ms. Syeda Zohora Khatun','soyeda.merina@gmail.com','01824674812','464/C, Khilgaon, Dhaka','207.00','Flat Rate','0.00','','0.00','207.00','BDT','cash_on_delivery','pending','processing','','','express','2022-03-27 16:03:03','2022-03-27 15:03:55','2022-03-27 15:04:35');
INSERT INTO orders VALUES('125','68','Admin Chairperson','chairperson1122@gmail.com','01321177233','House No.-27, Flat-2/B, Road-7, Dhanmondi.','3400.00','Flat Rate','0.00','','0.00','3400.00','BDT','cash_on_delivery','paid','completed','','','express','2022-03-28 11:03:29','2022-03-28 10:29:03','2022-03-30 13:19:57');
INSERT INTO orders VALUES('126','68','Admin Chairperson','chairperson1122@gmail.com','01321177233','House No.-27, Flat-2/B, Road-7, Dhanmondi.','200.00','Flat Rate','0.00','','0.00','200.00','BDT','cash_on_delivery','paid','completed','','','express','2022-03-28 11:03:31','2022-03-28 10:31:59','2022-03-30 13:15:00');
INSERT INTO orders VALUES('138','68','Admin Chairperson','chairperson1122@gmail.com','01321177233','House No.-27, Flat-2/B, Road-7, Dhanmondi.','380.00','Flat Rate','30.00','','0.00','410.00','BDT','cash_on_delivery','paid','completed','','','express','2022-03-29 17:03:45','2022-03-29 16:45:33','2022-03-30 13:12:30');
INSERT INTO orders VALUES('139','68','Admin Chairperson','chairperson1122@gmail.com','01321177233','House No.-27, Flat-2/B, Road-7, Dhanmondi.','95.00','Flat Rate','30.00','','0.00','125.00','BDT','cash_on_delivery','paid','completed','','','express','2022-03-29 17:03:46','2022-03-29 16:46:39','2022-03-30 13:11:40');
INSERT INTO orders VALUES('140','68','Admin Chairperson','chairperson1122@gmail.com','01321177233','House No.-27, Flat-2/B, Road-7, Dhanmondi.','80.00','Flat Rate','30.00','','0.00','110.00','BDT','cash_on_delivery','paid','completed','','','express','2022-03-29 17:03:47','2022-03-29 16:47:36','2022-03-30 13:16:16');
INSERT INTO orders VALUES('141','68','Admin Chairperson','chairperson1122@gmail.com','01321177233','House No.-27, Flat-2/B, Road-7, Dhanmondi.','1610.00','Flat Rate','30.00','','0.00','1640.00','BDT','cash_on_delivery','paid','completed','','','express','2022-03-29 17:03:54','2022-03-29 16:54:33','2022-03-30 13:10:53');
INSERT INTO orders VALUES('142','68','Admin Chairperson','chairperson1122@gmail.com','01321177233','House No.-27, Flat-2/B, Road-7, Dhanmondi.','400.00','Flat Rate','30.00','','0.00','430.00','BDT','cash_on_delivery','paid','completed','','','express','2022-03-29 18:03:01','2022-03-29 17:01:28','2022-03-30 13:17:45');
INSERT INTO orders VALUES('149','69','Md. Shahidul Haque','shahid.exotica@gmail.com','01688636379','464/C Khilgaon','1230.00','Flat Rate','30.00','','0.00','1260.00','BDT','cash_on_delivery','paid','completed','','','express','2022-03-30 14:03:02','2022-03-30 13:02:56','2022-04-02 19:16:39');
INSERT INTO orders VALUES('153','98','Tanveer Hussain','macsystembd@gmail.com','+8801711522510','128 Tejkunipara, Tejgaon, Dhaka - 1215
Josna - A4','13579.00','Flat Rate','30.00','','0.00','13609.00','BDT','cash_on_delivery','paid','completed','','','express','2022-03-31 13:03:21','2022-03-31 12:21:49','2022-04-04 10:09:12');
INSERT INTO orders VALUES('157','66','Ms. Syeda Zohora Khatun','soyeda.merina@gmail.com','01824674812','464/C, Khilgaon, Dhaka','755.00','Flat Rate','30.00','15','30.00','755.00','BDT','cash_on_delivery','pending','processing','','','express','2022-03-31 19:03:10','2022-03-31 18:10:15','2022-03-31 18:10:52');
INSERT INTO orders VALUES('158','105','Afsarun Nahar Silvy','afsarunnaharsilvy79@gmail.com','01716721218','khilgaon/taltola, dhaka','2707.00','Flat Rate','30.00','16','30.00','2707.00','BDT','cash_on_delivery','paid','completed','','','express','2022-03-31 19:03:21','2022-03-31 18:21:17','2022-04-02 19:15:05');
INSERT INTO orders VALUES('159','107','Syeda Hasina Khatun','syedahasina1970@gmail.com','01321177234','468/c(third floor),khilgaon, dhaka','2250.00','Flat Rate','30.00','17','30.00','2250.00','BDT','cash_on_delivery','pending','processing','','','express','2022-03-31 20:03:33','2022-03-31 19:33:08','2022-03-31 19:33:39');
INSERT INTO orders VALUES('160','108','Syeda Hazera Khatun','syedahazera123@gmail.com','01321177234','464/c(2nd floor) khilgaon,dhaka','2060.00','Flat Rate','30.00','18','30.00','2060.00','BDT','cash_on_delivery','paid','completed','','','express','2022-03-31 20:03:57','2022-03-31 19:57:22','2022-04-02 19:15:29');
INSERT INTO orders VALUES('161','105','Afsarun Nahar Silvy','afsarunnaharsilvy79@gmail.com','01716721218','khilgaon/taltola, dhaka','360.00','Flat Rate','30.00','19','30.00','360.00','BDT','cash_on_delivery','paid','completed','','','express','2022-03-31 21:03:02','2022-03-31 20:02:50','2022-04-02 19:12:13');
INSERT INTO orders VALUES('162','109','Md. Manzurul Alam','manzurulalamtamzid674@gmail.com','01616866637','Gopibag 2nd lane, House no 4 (Imperial tower), Flat no C4, Motijheel, Dhaka','1187.00','Flat Rate','30.00','','0.00','1217.00','BDT','cash_on_delivery','paid','completed','','','express','2022-04-01 01:04:48','2022-04-01 00:48:53','2022-04-02 19:22:28');
INSERT INTO orders VALUES('163','109','Md. Manzurul Alam','manzurulalamtamzid674@gmail.com','01616866637','Gopibag 2nd lane, House no 4 (Imperial tower), Flat no C4, Motijheel, Dhaka','220.00','Flat Rate','30.00','','0.00','250.00','BDT','cash_on_delivery','paid','completed','','','express','2022-04-01 12:04:38','2022-04-01 11:38:43','2022-04-02 19:22:52');
INSERT INTO orders VALUES('165','98','Tanveer Hussain','macsystembd@gmail.com','+8801711522510','128 Tejkunipara, Tejgaon, Dhaka - 1215
Josna - A4','6500.00','Flat Rate','30.00','20','30.00','6500.00','BDT','cash_on_delivery','paid','completed','','','express','2022-04-02 11:04:51','2022-04-02 10:51:48','2022-04-04 10:07:39');
INSERT INTO orders VALUES('166','46','Mohammad Zahirul Kabir','kabirabs01@gmail.com','8801711525261','128 Tejkunipara Tejgaon Dhaka 1215
Josna B-4, Uttara Bank Len 2nd Golli.','3250.00','Flat Rate','30.00','21','30.00','3250.00','BDT','cash_on_delivery','paid','completed','','','express','2022-04-02 11:04:56','2022-04-02 10:56:19','2022-04-04 10:08:27');
INSERT INTO orders VALUES('167','66','Ms. Syeda Zohora Khatun','soyeda.merina@gmail.com','01824674812','464/C, Khilgaon, Dhaka','2565.00','Flat Rate','30.00','22','30.00','2565.00','BDT','cash_on_delivery','pending','processing','','','express','2022-04-02 17:04:51','2022-04-02 16:51:40','2022-04-02 16:52:14');
INSERT INTO orders VALUES('169','90','Tajdir Ahmed','tajdirengineeringco@gmail.com','+880 17 2009 1080','House No.-48, Flat-C/3, Road-8/A, Dhanmondi.
Evergreen Meena','5471.00','Flat Rate','30.00','','0.00','5501.00','BDT','cash_on_delivery','paid','completed','','','express','2022-04-02 18:04:31','2022-04-02 17:31:28','2022-04-03 10:47:29');
INSERT INTO orders VALUES('170','107','Syeda Hasina Khatun','syedahasina1970@gmail.com','01321177234','468/c(third floor),khilgaon, dhaka','239.00','Flat Rate','30.00','23','30.00','239.00','BDT','cash_on_delivery','pending','processing','','','express','2022-04-03 12:04:30','2022-04-03 11:30:57','2022-04-03 11:31:10');
INSERT INTO orders VALUES('172','69','Md. Shahidul Haque','shahid.exotica@gmail.com','01688636379','464/C Khilgaon','2970.00','Flat Rate','30.00','25','30.00','2970.00','BDT','cash_on_delivery','paid','completed','','','express','2022-04-03 13:04:22','2022-04-03 12:22:41','2022-04-03 13:26:50');
INSERT INTO orders VALUES('177','68','Admin Chairperson','chairperson1122@gmail.com','01321177233','House No.-27, Flat-2/B, Road-7, Dhanmondi.','5050.00','Flat Rate','30.00','','0.00','5080.00','BDT','cash_on_delivery','pending','processing','','','express','2022-04-03 16:04:54','2022-04-03 15:54:56','2022-04-03 16:10:09');
INSERT INTO orders VALUES('180','109','Md. Manzurul Alam','manzurulalamtamzid674@gmail.com','01616866637','Gopibag 2nd lane, House no 4 (Imperial tower), Flat no C4, Motijheel, Dhaka','825.00','Flat Rate','30.00','','0.00','855.00','BDT','cash_on_delivery','paid','completed','','This order has already been purchased and delivered. I\'m ordering this again for the sake of adjustment. ','express','2022-04-03 21:04:04','2022-04-03 20:04:36','2022-04-04 10:55:23');
INSERT INTO orders VALUES('182','108','Syeda Hazera Khatun','syedahazera123@gmail.com','01321177234','464/C (2nd floor) khilgaon, dhaka','1308.00','Flat Rate','30.00','28','30.00','1308.00','BDT','cash_on_delivery','pending','processing','','','express','2022-04-04 13:04:04','2022-04-04 12:04:48','2022-04-04 12:05:32');
INSERT INTO orders VALUES('189','106','mehedi hasan','mh271786@gmail.com','01941697253','sdnbsnb','15.00','Flat Rate','30.00','','0.00','45.00','BDT','cash_on_delivery','pending','pending','','','express','2022-04-05 10:04:57','2022-04-05 09:57:46','2022-04-05 09:57:46');
INSERT INTO orders VALUES('191','107','Syeda Hasina Khatun','syedahasina1970@gmail.com','01321177234','468/C (third floor),khilgaon, dhaka','3250.00','Flat Rate','30.00','29','30.00','3250.00','BDT','cash_on_delivery','pending','processing','','','express','2022-04-05 15:04:06','2022-04-05 14:06:28','2022-04-05 14:11:50');
INSERT INTO orders VALUES('192','107','Syeda Hasina Khatun','syedahasina1970@gmail.com','01321177234','468/C (third floor),khilgaon, dhaka','518.00','Flat Rate','30.00','30','30.00','518.00','BDT','cash_on_delivery','pending','processing','','','express','2022-04-05 17:04:15','2022-04-05 16:15:00','2022-04-05 16:15:22');
INSERT INTO orders VALUES('193','112','Syeda Zahanara Khatun','syedashimu001@gmail.com','01712263588','464/C (2nd floor right side) khilgaon, dhaka','1300.00','Flat Rate','30.00','31','30.00','1300.00','BDT','cash_on_delivery','pending','processing','','','express','2022-04-05 17:04:38','2022-04-05 16:38:22','2022-04-05 16:38:43');
INSERT INTO orders VALUES('194','46','Mohammad Zahirul Kabir','kabirabs01@gmail.com','8801711525261','128 Tejkunipara Tejgaon Dhaka 1215
Josna B-4, Uttara Bank Len 2nd Golli.','90.00','Flat Rate','30.00','32','30.00','90.00','BDT','cash_on_delivery','paid','completed','','','express','2022-04-06 13:04:29','2022-04-06 12:29:34','2022-04-06 12:30:28');
INSERT INTO orders VALUES('195','66','Ms. Syeda Zohora Khatun','soyeda.merina@gmail.com','01824674812','464/C, Khilgaon, Dhaka','1748.00','Flat Rate','30.00','33','30.00','1748.00','BDT','cash_on_delivery','pending','processing','','','express','2022-04-06 14:04:09','2022-04-06 13:09:58','2022-04-06 13:10:22');
INSERT INTO orders VALUES('196','64','Md. Shahidul haque','shaid.exotica@gmail.com','01688636379','464/C Khilgaon','1269.00','Flat Rate','30.00','34','30.00','1269.00','BDT','cash_on_delivery','pending','processing','','','express','2022-04-06 15:04:37','2022-04-06 14:37:47','2022-04-06 18:11:56');



DROP TABLE IF EXISTS page_translations;

CREATE TABLE `page_translations` (
  `id` bigint(20) unsigned NOT NULL AUTO_INCREMENT,
  `page_id` bigint(20) unsigned NOT NULL,
  `locale` varchar(191) COLLATE utf8mb4_unicode_ci NOT NULL,
  `title` text COLLATE utf8mb4_unicode_ci NOT NULL,
  `body` longtext COLLATE utf8mb4_unicode_ci DEFAULT NULL,
  `created_at` timestamp NULL DEFAULT NULL,
  `updated_at` timestamp NULL DEFAULT NULL,
  PRIMARY KEY (`id`),
  UNIQUE KEY `page_translations_page_id_locale_unique` (`page_id`,`locale`),
  CONSTRAINT `page_translations_page_id_foreign` FOREIGN KEY (`page_id`) REFERENCES `pages` (`id`) ON DELETE CASCADE
) ENGINE=InnoDB AUTO_INCREMENT=7 DEFAULT CHARSET=utf8mb4 COLLATE=utf8mb4_unicode_ci;

INSERT INTO page_translations VALUES('1','1','English','Privacy Policy','<p><span style=\"color: #000000;\">When you use our Website, we collect and store your personal information which is provided by you from time to time. Our primary goal in doing so is to provide you a safe, efficient, smooth and customized experience. This allows us to provide services and features that most likely meet your needs, and to customize our website to make your experience safer and easier. More importantly, while doing so, we collect personal information from you that we consider necessary for achieving this purpose.</span></p>
<p><span style=\"color: #000000;\">Below are some of the ways in which we collect and store your information: </span></p>
<p><span style=\"color: #000000;\">a) We receive and store any information you enter on our website or give us in any other way. We use the information that you provide for such purposes as responding to your requests, customizing future shopping for you, improving our stores, and communicating with you.</span></p>
<p><span style=\"color: #000000;\">b) We also store certain types of information whenever you interact with us. For example, like many websites, we use \"cookies,\" and we obtain certain types of information when your web browser accesses qbazar.com.bd or advertisements and other content served by or on behalf of qbazar.com.bd on other websites.</span></p>
<p><span style=\"color: #000000;\">c)</span><span style=\"color: #000000;\">When signing up via Facebook, we collect your Name and Email (provided by Facebook) as part of your Qbazar account Information.</span></p>
<p><span style=\"color: #000000;\">d)</span><span style=\"color: #000000;\">To help us make e-mails more useful and interesting, we often receive a confirmation when you open e-mail from Qbazar if your computer supports such capabilities.</span></p>
<p></p>
<p><span style=\"color: #000000;\"><strong>Changes To Your Information:</strong></span></p>
<p><span style=\"color: #000000;\">The information you provide us isnt set in stone. You may review, update, correct or delete the personal information in your profile at any time.</span></p>
<p><span style=\"color: #000000;\">a) If you would like us to remove your information from our records, please create a request at theContact Uspage.</span></p>
<p><span style=\"color: #000000;\">b) To Delete your Facebook login, visit theContact Uspage while logged in via Facebook. You should see a \"Delete Facebook Login\" option to create a request to remove Facebook login from your account.</span></p>
<p><span style=\"color: #000000;\">Information about our customers is an important part of our business, and we are not in the business of selling it to others.</span><br /><br /></p>
<p><span style=\"color: #000000;\">We release account and other personal information when we believe release is appropriate to comply with the law; enforce or apply our Terms of Use and other agreements; or protect the rights, property, or safety of qbazar.com, our users, or others. This includes exchanging information with other companies and organizations for fraud protection.</span></p>
<p><span style=\"color: #000000;\"><strong>2. Eligibility</strong></span></p>
<p><span style=\"color: #000000;\">2.1Use of the Website is available only to such persons who can legally contract under the Contract Act, 1872.</span></p>
<p><span style=\"color: #000000;\">2.2If you are a minor i.e. under the age of 18 years, you shall not register as a user of Qbazar.com.bd and shall not transact on or use the Website. As a minor if you wish to use or transact on website, such use or transaction may be made by your legal guardian or parents on the Website. Qbazar reserves the right to terminate your membership and / or refuse to provide you with access to the website if it is brought to Qbazars notice or if it is discovered that you are under the age of 18 years.</span></p>
<p><span style=\"color: #000000;\">2.3By accepting the Terms or using or transacting on the Website, the User irrevocably declares and undertakes that he/she is of legal age i.e. 18 years or older and capable of entering into a binding contract and such usage shall be deemed to form a contract between the Website and such User to the extent permissible under applicable laws.</span></p>
<p><span style=\"color: #000000;\">2.4The usage of the Services offered through the Website is only available if the address of the User to which the product(s) is/are to be delivered is within Dhaka City, Bangladesh; Qbazar is serving with 1 Hour Delivery Service, to Dhaka City. Subject to the above, if the User specifies a convenient time and Qbazar will send the products during that time.</span></p>','2021-10-18 08:15:58','2021-10-26 09:36:37');
INSERT INTO page_translations VALUES('2','2','English','Terms & Conditions','<p><span style=\"color: #000000;\"><strong>Terms of Use</strong>:</span></p>
<p><span style=\"color: #000000;\">1.1 Welcome to <strong>Qbazar.com.bd</strong>. Qbazar Limited (<strong>Qbazar</strong>) provides access to the <strong>Qbazar.com.bd</strong> website or the mobile application/app or any other media (\"Website\") to you subject to the terms and conditions (Terms) set out on this page. By using the Website, you, a registered or guest user in terms of the eligibility criteria set out herein (User) agree to be bound by the Terms. Please read them carefully as your continued usage of the Website, you signify your agreement to be bound by these Terms. If you do not want to be bound by the Terms, you must not subscribe to or use the Website or our services.</span></p>
<p><span style=\"color: #000000;\">1.2 By impliedly or expressly accepting these Terms, you also accept and agree to be bound by <strong>Qbazar Policies</strong> (including but not limited to Privacy Policy available at <a href=\"../../../privacy-policy\">https://qbazar.com.bd/privacy-policy</a>) as amended from time to time.</span></p>
<p><span style=\"color: #000000;\">1.3In these Terms, references to \"you\", \"User\" shall mean the end user/customer accessing the Website, its contents and using the Services offered through the Website. References to the Website, \"<strong>Qbazar</strong>\", <strong>Qbazar.com.bd</strong>, \"we\", \"us\" and \"our\" shall mean the Website and/or <strong>Qbazar Limited</strong>.</span></p>
<p><span style=\"color: #000000;\">1.4 The contents set out herein form an electronic record in terms of <strong>    , </strong> (Information &amp; Communication Technology Act, 2006) and rules there under as applicable and as amended from time to time. As such, this document does not require any physical or digital signatures and forms a valid and binding agreement between the Website and the User.</span></p>
<p><span style=\"color: #000000;\">1.5 The Website is operated by <strong>Qbazar</strong> Limited., a company incorporated under the laws of Bangladesh having its registered office at 464/C, Khigaon, Dhaka 1219, Bangladesh. All references to the Website in these Terms shall deem to refer to the aforesaid entity in inclusion of the online portal.</span></p>
<p><span style=\"color: #000000;\">1.6This Website may also contain links to other websites, which are not operated by <strong>Qbazar</strong>, and <strong>Qbazar</strong> has no control over the linked sites and accepts no responsibility for them or for any loss or damage that may arise from your use of them. Your use of the linked sites will be subject to the terms of use and service contained within each such site.</span></p>
<p><span style=\"color: #000000;\">1.7We reserve the right to change these Terms at any time. Such changes will be effective when posted on the Website. By continuing to use the Website after we post any such changes, you accept the Terms as modified.</span></p>
<p><span style=\"color: #000000;\">1.8These Terms will continue to apply until terminated by either You or <strong>Qbazar</strong> in accordance with the terms set out below:</span></p>
<p><span style=\"color: #000000;\">1.9 The agreement with <strong>Qbazar</strong> can be terminated by (i) not accessing the Website; or (ii) closing Your Account, if such option has been made available to You.</span></p>
<p><span style=\"color: #000000;\">1.10 Notwithstanding the foregoing, these provisions set out in these Terms which by their very nature survive are meant to survive termination, shall survive the termination / expiry of this agreement.</span></p>
<p><span style=\"color: #000000;\"><strong>2. Eligibility</strong></span></p>
<p><span style=\"color: #000000;\">2.1Use of the Website is available only to such persons who can legally contract under the Contract Act, 1872.</span></p>
<p><span style=\"color: #000000;\">2.2 If you are a minor i.e. under the age of 18 years, you shall not register as a user of Qbazar.com.bd and shall not transact on or use the Website. As a minor if you wish to use or transact on website, such use or transaction may be made by your legal guardian or parents on the Website. Qbazar reserves the right to terminate your membership and / or refuse to provide you with access to the website if it is brought to Qbazars notice or if it is discovered that you are under the age of 18 years.</span></p>
<p><span style=\"color: #000000;\">2.3By accepting the Terms or using or transacting on the Website, the User irrevocably declares and undertakes that he/she is of legal age i.e. 18 years or older and capable of entering into a binding contract and such usage shall be deemed to form a contract between the Website and such User to the extent permissible under applicable laws.</span></p>
<p><span style=\"color: #000000;\">2.4 The usage of the Services offered through the Website is only available if the address of the User to which the product(s) is/are to be delivered is within Dhaka City, Bangladesh; Qbazaris serving with 1 Hour Delivery Service, to Dhaka City. For the rest of the Dhaka city Qbazar is currently delivering within 4-7 hours timeframe. Subject to the above, if the User specifies a convenient time and Qbazar will send the products during that time.</span></p>
<p><strong><span style=\"color: #000000;\">3.Communication</span></strong></p>
<p><span style=\"color: #000000;\">3.1When you use Qbazar.com.bd, or contact us via phone or email, you consent to receive communication from us. You authorize us to communicate with you by e-mail, SMS, phone call or by posting notices on the website or by any other mode of communication. For contractual purposes, you consent to receive communications (including transactional, promotional and/or commercial messages), from us with respect to your use of the website and/or your order placed on the Website. Additionally any disclosures posted on the site, or sent to you by email fulfill the legal obligation of communication made in writing.</span></p>
<p><span style=\"color: #000000;\"><strong>4. Your Account and Responsibilities</strong></span></p>
<p><span style=\"color: #000000;\">4.1 Any person may access the Website either by registering to the Website or using the Website as a guest. However, a guest user may not have access to all sections of the Website including certain benefits/promotional offers, which shall be reserved only for the purpose of registered Users, and which may change from time to time at the sole discretion of the Website.</span></p>
<p><span style=\"color: #000000;\">4.2 If you wish to register your account with the Website, you shall be required to create an account by registering with a valid Bangladeshi mobile number and/or with your Facebook account or your email address or by filling in the details prescribed in the Website registration form. You will then receive a password or one-time PIN with which you can login to the website to place orders.</span></p>
<p><span style=\"color: #000000;\">4.3If you use the website, you will be responsible for maintaining the confidentiality of your username and password and you will be responsible for all activities that occur under your username and you will be under the obligation to restrict access to your computer or mobile phone to prevent unauthorised access to your account. You should inform us immediately if you have any reason to believe that your password has become known to anyone else, or if the password is being, or is likely to be, used in an unauthorised manner. You agree that if you provide any information that is untrue, inaccurate, not current or incomplete or we have reasonable grounds to suspect that such information is untrue, inaccurate, not current or incomplete, or not in accordance with this Terms of Use, we have the right to suspend or terminate your membership on the website.</span></p>
<p><span style=\"color: #000000;\">4.4The Website may be inaccessible for such purposes as it may, at its sole discretions deem necessary, including but not limited to regular maintenance. However, under no circumstances will Qbazar be held liable for any losses or claims arising out of such inaccessibility to the Users and the Users expressly waive any claims against Qbazar in this regard.</span></p>
<p><span style=\"color: #000000;\">4.5Qbazar as a platform do not support or encourage multiple accounts owned by a single user even with different mobile numbers &amp; reserves the right to restrict , deactivate or disable any account that might fall under any sort of abuse to the service.</span></p>
<p><span style=\"color: #000000;\"><strong>5.Charges</strong></span></p>
<p><span style=\"color: #000000;\">5.1Membership on the website is free for users. Qbazar does not charge any fee for browsing and buying on the website. Qbazar reserves the right to change its fee policy from time to time. In particular, Qbazar may at its sole discretion introduce new services and modify some or all of the existing services offered on the website. In such an event, Qbazar reserves the right to introduce fees for the new services offered or amend/introduce fees for existing services, as the case may be. Changes to the fee policy will be posted on the website and such changes will automatically become effective immediately after they are posted on the website.</span></p>
<p><span style=\"color: #000000;\">6<strong>Copyright</strong></span></p>
<p><span style=\"color: #000000;\">6.1 The material (including the content, and any other content, software or services) contained on Qbazar.com are the property of Qbazar Limited, its subsidiaries, affiliates and/or third party licensors. No material on this site may be copied, reproduced, republished, installed, posted, transmitted, stored or distributed without written permission from Qbazar Limited.</span></p>
<p><span style=\"color: #000000;\">6.2You may not use any deep-link, page-scrape, robot, spider or other automatic device, program, algorithm or methodology, or any similar or equivalent manual process, to access, acquire, copy or monitor any portion of the website or any content, or in any way reproduce or circumvent the navigational structure or presentation of the website or any content, to obtain or attempt to obtain any materials, documents or information through any means not purposely made available through the website. We reserve our right to bar any such activity.</span></p>
<p><span style=\"color: #000000;\">7.<strong>Cookies</strong></span></p>
<p><span style=\"color: #000000;\">7.1This site uses cookies, which means that you must have cookies enabled on your computer in order for all functionality on this site to work properly. A cookie is a small data file that is written to your hard drive when you visit certain Web sites. Cookie files contain certain information, such as a random number user ID that the site assigns to a visitor to track the pages visited. A cookie cannot read data off your hard disk or read cookie files created by other sites. Cookies, by themselves, cannot be used to find out the identity of any user.</span></p>
<p><span style=\"color: #000000;\"><strong>8. Promotional Activity</strong></span></p>
<p><span style=\"color: #000000;\">8.1 To promote its services Qbazar uses various advertisement and commercials which are truthful and are not deceptive or unfair to the best of our knowledge and belief. Every user is under the obligation to go through the relevant information contained in the Website before using the service and it will be assumed that each user is aware of every information provided in the Website. Images of products in the Website are for and by reference only and actual product may vary from the corresponding image exhibited. The Website disclaims any liabilities arising out of any discrepancies to this end to the fullest extent permitted by law.</span></p>
<p><span style=\"color: #000000;\">8.2 Any short term or long term promotional acitivity or offer(s) are by default valid for a single order within the offered time frame under any specific account on chaldal.com. Any repetitive or suspicious or abusive practice during any offer or promotion might result as cancelled order &amp; chaldal reserves the right to do so to protect the rigths &amp; beniits of other users. Account that tends to abuse any offer by any means on the platform can also get termniated to maintain hygiene factor on the platform. The automated abuse detecction technology that chaldal has can be also enforced at anytime without any sort of prior notice.</span></p>
<p><span style=\"color: #000000;\">8.3Discount code(s) offered to any/all segment of customer(s) through different marketing channels might get disabled or extended by the authority at anytime without any prior notice. The modality can also be changed to accomodate with price changes or fluctuation &amp; intense of uses of the same by the user base to protect any sort of abuse or suspective uses.</span></p>
<p><span style=\"color: #000000;\"><strong>9. The Contract</strong></span></p>
<p><span style=\"color: #000000;\">9.1 Your order is an offer to us to buy the product(s) in your order. When you place an order to purchase a product from us, you will receive an e-mail and/or SMS to your mobile phone number confirming receipt of your order and/or containing the details of your order (the \"Order Confirmation E-mail and/or SMS\"). The Order Confirmation E-mail and/or SMS is acknowledgement that we have received your order, but does not confirm acceptance of your offer to buy the product(s) ordered; that when we send the Order Confirmation E-mail and/or SMS a contract called an agreement to sell is concluded in accordance with Section 4(3) of the Sale of Goods Act, 1930 i.e. the transfer of the property in the goods is to take place at a future time when the product(s) is/are delivered to your designated address. We only accept your offer, and the above agreement to sell becomes a contract of sale for product(s) ordered by you in accordance with Section 4(4) of the Sale of Goods Act, 1930, when the product(s) is/are delivered to your designated address and at that time the property in the goods is transferred from us to you.</span></p>
<p><span style=\"color: #000000;\">9.2You can cancel your order for a product at no cost any time before the goods are delivered to you. <br /></span></p>
<p><span style=\"color: #000000;\">9.3 Please note that we sell products only in quantities which correspond to the typical needs of an average household. This applies both to the number of products ordered within a single order and the placing of several orders for the same product where the individual orders comprise a quantity typical for a normal household.</span></p>
<p></p>
<p><span style=\"color: #000000;\"><strong>11.  Pricing</strong></span></p>
<p><span style=\"color: #000000;\">11.1 Except where noted otherwise, the list price or suggested price displayed for products on Qbazar represents the full retail price listed on the product itself, suggested by the manufacturer or supplier, or estimated in accordance with standard industry practice; or the estimated retail value for a comparably featured item offered elsewhere. The list price or suggested price is a comparative price estimate and may or may not represent the prevailing price in every area on any particular day. </span></p>
<p><span style=\"color: #000000;\">11.2 Despite our best efforts, a small number of the items in our catalog may be mispriced. If the MRP of an item sold by Qbazar is higher than our stated price, we will, at our discretion, either contact you for instructions before shipping or cancel your order and notify you of such cancellation. And if the stated price on the product is lower than Qbazar, we will, either refund the amount or replace the product according to your preference, when acknowledged. </span></p>
<p><span style=\"color: #000000;\"><strong>12. Return Policy</strong></span></p>
<p><span style=\"color: #000000;\">12.1 A user may return any product during the time of delivery, or within 7 days if:</span></p>
<p><span style=\"color: #000000;\">a) Product does not meet users expectation.</span></p>
<p><br /><span style=\"color: #000000;\">b) Found damaged during delivery</span></p>
<p><br /><span style=\"color: #000000;\">c) Have doubt about the product quality and quantity</span></p>
<p><br /><span style=\"color: #000000;\">d) Received in an unhealthy/ unexpected condition</span></p>
<p><br /><span style=\"color: #000000;\">e) Is not satisfied with the packaging</span></p>
<p><br /><span style=\"color: #000000;\">f) Finds product unusable</span></p>
<p><span style=\"color: #000000;\">We are continuously monitoring accounts of customers with excessive requests of returns and refunds. We take necessary steps to prevent this. </span></p>
<p><span style=\"color: #000000;\">12.2 A user may return any unopened or defective up to 20% and less, item within 7 days of receiving the item. But following products may not be eligible for return or replacement: </span></p>
<p><span style=\"color: #000000;\">a) Damages due to misuse of product</span></p>
<p><br /><span style=\"color: #000000;\">b) Incidental damage due to malfunctioning of product</span></p>
<p><br /><span style=\"color: #000000;\">c) Any consumable item which has been used/installed</span></p>
<p><br /><span style=\"color: #000000;\">d) Products with tampered or missing serial/UPC numbers</span></p>
<p><br /><span style=\"color: #000000;\">e) Any damage/defect which are not covered under the manufacturer\'s warranty</span></p>
<p><br /><span style=\"color: #000000;\">f) Any product that is returned without all original packaging and accessories, including the box, manufacturer\'s packaging if any, and all other items originally included with the product/s delivered.</span></p>
<p><span style=\"color: #000000;\"><strong>13. Refund Policy</strong></span></p>
<p><span style=\"color: #000000;\">13.1 Qbazar tries its best to serve the users. But if under any circumstances, we fail to fulfill our commitment or to provide the service, we will notify you within 24 hours via phone/ text/ email. If the service, that Qbazar fails to complete, requires any refund, it be done maximum within 7 Days after our acknowledgement.</span></p>
<p><span style=\"color: #000000;\">13.2 Refund requests will be processed under mentioned situation:</span></p>
<p><span style=\"color: #000000;\">- Unable to serve with any product.</span></p>
<p><span style=\"color: #000000;\">- Customer returns any product from a paid order.</span></p>
<p><span style=\"color: #000000;\">- Customer cancels a paid order before it has been dispatched.</span></p>
<p><span style=\"color: #000000;\">For all the above three scenarios, the refund amount will be sent to Qbazar Balance of the customer. And the balance can only be used to purchase at Qbazar. Upon customer\'s request, Qbazar will transfer the refund amount to the user\'s original payment source within 7 days. Refund is only allowed for customers who have paid via bKash or card or other electronic method. For the orders that are paid via Cash, refund is only to be given through Qbazar Credits.</span></p>
<p><strong><span style=\"color: #000000;\">14. Supply Policy:</span></strong></p>
<p><span style=\"color: #000000;\">14.1 Qbazar, itself does not produce or manufacture any product, therefore Qbazar tries to control the quality, but do not give quality assurance for any. We believe the manufacturer/ vendor/ supplier are fully capable of assuring the quality of every product.</span></p>
<p><span style=\"color: #000000;\">14.2 If any user, at the time of receiving the order delivery, finds any product injurious to health/ life/ security, we will take full liability and will accept return of that product. If the user faces any threat after 12 hours of the provided delivery, we will consider it as a lacking within the quality assurance from the manufacturers or suppliers.</span></p>
<p><span style=\"color: #000000;\">14.3 All products displayed on the website are subject to change and are subject to availability.</span></p>
<p></p>
<p><span style=\"color: #000000;\"><strong>15. Modifications</strong></span></p>
<p><br /><span style=\"color: #000000;\">15.1 Qbazar reserves the right to modify these Terms and Conditions. Such modifications shall be effective immediately upon posting on Qbazar.com.bd. You are responsible for the reviewing of such modifications. Your continued access or use of Qbazar.com shall be deemed your acceptance of the modified terms and conditions.</span></p>
<p><span style=\"color: #000000;\"><strong>16. Qbazar Software Terms</strong></span></p>
<p><br /><span style=\"color: #000000;\">16.1 Use of the Qbazar Software/Application/App : You may use Qbazar Software/ Application/ App solely for purposes of enabling you to use and enjoy the services as provided by Qbazar, and as permitted by these Terms. You may not incorporate any portion of the Qbazar Software / Application/ App into your own programs or compile any portion of it in combination with your own programs, transfer it for use with another service, or sell, rent, lease, lend, loan, distribute or sub-license the Qbazar Software / Application/ App or otherwise assign any rights to the Qbazar Software / Application/ App in whole or in part. You may not use the Qbazar Software / Application/ App for any illegal purpose. We may cease providing any Qbazar Software / Application/ App and we may terminate your right to use any Qbazar Software / Application/ App at any time. Your rights to use the Qbazar Software / Application/ App will automatically terminate without notice from us if you fail to comply with any of these Terms. All software used in any Qbazar Service is the property of Qbazar and/or its affiliates or its software suppliers and protected by laws of Bangladesh including but not limited to any other applicable copyright laws.</span></p>
<p><span style=\"color: #000000;\">16.2 Use of Third Party Services: When you use the Qbazar Software / Application/ App, you may also be using the services of one or more third parties, such as a wireless carrier or a mobile platform provider. Your use of these third party services may be subject to the separate policies, terms of use, and fees of those third parties.</span></p>
<p><span style=\"color: #000000;\">16.3 No Reverse Engineering: You may not, and you will not encourage, assist or authorize any other person to copy, modify, reverse engineer, decompile or disassemble, or otherwise tamper with, the Qbazar Software / Application/ App, whether in whole or in part, or create any derivative works from or of the Qbazar Software / Application/ App.</span></p>
<p><span style=\"color: #000000;\">16.4 Updates: In order to keep the Qbazar Software / Application/ App up-to-date, we may offer automatic or manual updates at any time and without notice to you.</span></p>','2021-10-18 08:16:12','2021-10-26 10:11:02');
INSERT INTO page_translations VALUES('3','3','English','Returns & Refunds','<p><strong><span style=\"color: #000000;\">Return/Replace, Cancellation &amp; Refund Policy</span></strong></p>
<p><span style=\"color: #000000;\">A Customer may return any delivered product at the presence of our delivery officer, or within next 12 hours or within 72 hours at the following circumstances; In case, if you have not received any products from the invoice, please paid the amount as per you received and paid amount does\'t meet our service charge policy, you will honor the policy (for example; your order amount was tk.999 or above under service charge free and for returning products and for reduced the invoice value, you will be under service charge payment automatically).</span></p>
<p><span style=\"color: #000000;\"><strong>Instant Return Policy:</strong></span></p>
<p><span style=\"color: #000000;\">    a ) If Product(s) not found as per your expectation.</span></p>
<p><span style=\"color: #000000;\">    b ) If have damaged at the delivery time.</span></p>
<p><span style=\"color: #000000;\">    c ) If have confusion about packaging, quality and volume.</span></p>
<p></p>
<p><span style=\"color: #000000;\"><strong>12 Hours Return Policy:</strong></span></p>
<p><span style=\"color: #000000;\">It is applicable only for our Vegetables, Fruits and any other perishable products, which may be returned for not consumable conditions under re-delivery terms.</span></p>
<p></p>
<h5><span style=\"color: #000000;\"><strong>72 Hours Return Policy:</strong></span></h5>
<h5><span style=\"color: #000000;\">A Customer may return any delivered product within 72 hours from the delivery date at the following circumstances;</span><br /><span style=\"color: #000000;\">You may return us anyimperfectbutunopenedproduct(s) within 5 days period containing defect maximum 25% or less.</span><br /><span style=\"color: #000000;\">Products may not be returned or replaced under the following circumstances;</span></h5>
<p><span style=\"color: #000000;\">  a ) Product(s) after use or consume or installation</span></p>
<p><span style=\"color: #000000;\">  b ) Product(s) broken or out of order</span></p>
<p><span style=\"color: #000000;\">  c ) Damages or defect which are not consumable</span></p>
<p><span style=\"color: #000000;\">  d ) Any damages/defects are not covers up the manufacturer/traders warranty or guarantee</span></p>
<p><span style=\"color: #000000;\">  e ) Any product(s) returnable if found without original packaging</span></p>
<p><span style=\"color: #000000;\">  f ) Any products found tampered or missing serial/UPC numbers</span></p>
<p></p>
<p><span style=\"color: #000000;\"><strong>Refund Policy :</strong></span></p>
<p><span style=\"color: #000000;\">Qbazar (qbazar.com.bd.com) always here to providing best services to the customers. For any unforeseen situation, if we are not able to accomplish product(s) delivery or to provide our services, we will be informing you within 12 hours over phone or SMS. For any of our lacking, if there needed any refund, we will do it within next 7 days after as following.</span></p>
<p><span style=\"color: #000000;\">Calls for refunding will be processed under the following circumstances</span></p>
<p><span style=\"color: #000000;\">  a ) Unable to deliver any product</span></p>
<p><span style=\"color: #000000;\">  b ) if any product(s) returned by customer against paid invoice</span></p>
<p></p>
<p><span style=\"color: #000000;\"><strong>Deduction during refund :</strong></span></p>
<p><span style=\"color: #000000;\">While a customer cancel any paid order and ask for refund, or we (qbazar.com.bd) cancel any paid order, in terms of Debit/Credit card payment of any bank or bKash/Rocket, we (qbazar.com.bd) will refund the full amount from our (qbazar.com.bd) end. In case of Credit/Debit card payment, the customer will get back the same amount from his/her card issuer bank. But in case of payment from bKash/ Rocket, even if qbazar.com.bd refunds FULL AMOUNT that a customer paid, they (bKash/Rocket) will deduct the transaction charge (according to their company policy) before refunding it to customer.</span></p>
<p></p>
<p><strong><span style=\"color: #000000;\">Supply Policy:</span></strong></p>
<p><span style=\"color: #000000;\">We are committed to ensure the quality on all supplied items. Qbazar (qbazar.com.bd) is not selling any self manufacturing products, despite the fact that we are looking into the quality. We never challenge for quality guaranty for any products at our own responsibility. We have trust to the manufacturer/traders/ vendor that they always assure the quality on their entire manufacturing/ supplied product.</span></p>
<p></p>
<p><strong><span style=\"color: #000000;\">Order Cancellation And Blacklist Policy:</span></strong></p>
<p><span style=\"color: #000000;\">In terms of paid order, Qbazar will verify the cell number from which the order has been placed. Without verifying, paid orders will not be delivered. You as a customer can cancel your order anytime by calling our customer service center OR when the delivery person arrives at your door. In such a case we will refund any payments already made by you for the order. On the otherhand, if we suspect any fraudulent transaction by any customer or any transaction which defies the terms &amp; conditions of using the website or our service, or if we find any customer has tried to cash in on some technical fault of our online system/website/service, recart items those no longer exist to our service list, recart special offer items those exist to our service list but price has been increased, order items for making profit by selling them, we at our sole discretion, MAY cancel such orders. We will maintain a negative list of all fraudulent transactions and customers and would deny access to them to our system or cancel any orders placed by them.</span></p>
<p></p>','2021-10-18 08:17:25','2021-10-26 10:00:07');
INSERT INTO page_translations VALUES('4','4','English','About Us','<p><span style=\"color: #000000;\"><strong>Qbazar.com.bd</strong> is an online shop available in Dhaka. We believe time is valuable to our fellow Dhaka residents, and that they should not have to waste hours in traffic, brave harsh weather and wait in line just to buy necessities like eggs! This is why we deliver every day needs to our customers door-steps across Dhaka.</span></p>
<p><span style=\"color: #000000;\"><strong>Qbazar</strong> is a work in progress, and we hope to get better over time. We are firm believers in using technology and education to improve Bangladesh, and we will continue to invest all our effort in pushing the boundaries of technology.</span><br /><span style=\"color: #000000;\">If you have ideas on how we can improve, we would love to hear from you. Please do email us at <strong>info@qbazar.com.bd</strong></span></p>','2021-10-18 08:17:45','2021-10-26 10:05:03');
INSERT INTO page_translations VALUES('5','5','English','Contact Us','<p><span style=\"color: #000000;\"><strong>Office</strong></span></p>
<p><span style=\"color: #000000;\">464/C, Khigaon, Dhaka 1219</span></p>
<p><span style=\"color: #000000;\"><strong>E-mail:</strong> info@qbazar.com.bd</span></p>
<p><span style=\"color: #000000;\"><strong>Phone :</strong> +88 01321177234</span></p>','2021-10-18 08:18:07','2022-03-21 03:45:14');



DROP TABLE IF EXISTS pages;

CREATE TABLE `pages` (
  `id` bigint(20) unsigned NOT NULL AUTO_INCREMENT,
  `slug` varchar(191) COLLATE utf8mb4_unicode_ci NOT NULL,
  `status` tinyint(1) NOT NULL DEFAULT 1,
  `created_at` timestamp NULL DEFAULT NULL,
  `updated_at` timestamp NULL DEFAULT NULL,
  PRIMARY KEY (`id`),
  UNIQUE KEY `pages_slug_unique` (`slug`)
) ENGINE=InnoDB AUTO_INCREMENT=7 DEFAULT CHARSET=utf8mb4 COLLATE=utf8mb4_unicode_ci;

INSERT INTO pages VALUES('1','privacy-policy','1','2021-10-18 16:15:58','2021-10-18 16:15:58');
INSERT INTO pages VALUES('2','terms-conditions','1','2021-10-18 16:16:12','2021-10-18 16:16:12');
INSERT INTO pages VALUES('3','returns-refunds','1','2021-10-18 16:17:25','2021-10-18 16:17:25');
INSERT INTO pages VALUES('4','about-us','1','2021-10-18 16:17:45','2021-10-18 16:17:45');
INSERT INTO pages VALUES('5','contact-us','1','2021-10-18 16:18:07','2021-10-18 16:18:07');



DROP TABLE IF EXISTS password_resets;

CREATE TABLE `password_resets` (
  `email` varchar(191) COLLATE utf8mb4_unicode_ci NOT NULL,
  `token` varchar(191) COLLATE utf8mb4_unicode_ci NOT NULL,
  `created_at` timestamp NULL DEFAULT NULL,
  KEY `password_resets_email_index` (`email`)
) ENGINE=InnoDB DEFAULT CHARSET=utf8mb4 COLLATE=utf8mb4_unicode_ci;

INSERT INTO password_resets VALUES('zamanit.uzzal@gmail.com','$2y$10$PThglSoNgAawthjnCnZew.HA8yCHxfuIfGyraRKpY1Mkrusll9fQ.','2022-01-10 09:22:15');
INSERT INTO password_resets VALUES('raihan@qbazar.com.bd','$2y$10$hlnFmJhjj71DafeH5xr3DuC2DV10O7UY8xAZowDV/uiMpziyxYVSq','2022-03-28 11:17:07');



DROP TABLE IF EXISTS permissions;

CREATE TABLE `permissions` (
  `id` bigint(20) unsigned NOT NULL AUTO_INCREMENT,
  `role_id` bigint(20) NOT NULL,
  `permission` varchar(191) COLLATE utf8mb4_unicode_ci NOT NULL,
  `created_at` timestamp NULL DEFAULT NULL,
  `updated_at` timestamp NULL DEFAULT NULL,
  PRIMARY KEY (`id`)
) ENGINE=InnoDB AUTO_INCREMENT=228 DEFAULT CHARSET=utf8mb4 COLLATE=utf8mb4_unicode_ci;

INSERT INTO permissions VALUES('3','1','products.index','2021-12-27 11:58:32','2021-12-27 11:58:32');
INSERT INTO permissions VALUES('4','1','products.create','2021-12-27 11:58:32','2021-12-27 11:58:32');
INSERT INTO permissions VALUES('11','3','products.index','2021-12-29 05:51:24','2021-12-29 05:51:24');
INSERT INTO permissions VALUES('12','3','products.create','2021-12-29 05:51:24','2021-12-29 05:51:24');
INSERT INTO permissions VALUES('13','3','products.edit','2021-12-29 05:51:24','2021-12-29 05:51:24');
INSERT INTO permissions VALUES('14','3','products.destroy','2021-12-29 05:51:24','2021-12-29 05:51:24');
INSERT INTO permissions VALUES('15','3','orders.assign_delivery_boy','2021-12-29 05:51:24','2021-12-29 05:51:24');
INSERT INTO permissions VALUES('16','3','orders.index','2021-12-29 05:51:24','2021-12-29 05:51:24');
INSERT INTO permissions VALUES('17','3','orders.show','2021-12-29 05:51:24','2021-12-29 05:51:24');
INSERT INTO permissions VALUES('18','3','orders.update','2021-12-29 05:51:24','2021-12-29 05:51:24');
INSERT INTO permissions VALUES('19','3','orders.destroy','2021-12-29 05:51:24','2021-12-29 05:51:24');
INSERT INTO permissions VALUES('20','3','reports.order_report','2021-12-29 05:51:24','2021-12-29 05:51:24');
INSERT INTO permissions VALUES('21','3','reports.sales_report','2021-12-29 05:51:24','2021-12-29 05:51:24');
INSERT INTO permissions VALUES('22','2','products.index','2021-12-30 06:13:06','2021-12-30 06:13:06');
INSERT INTO permissions VALUES('23','2','products.create','2021-12-30 06:13:06','2021-12-30 06:13:06');
INSERT INTO permissions VALUES('28','9','products.index','2022-02-05 12:54:48','2022-02-05 12:54:48');
INSERT INTO permissions VALUES('29','9','products.create','2022-02-05 12:54:48','2022-02-05 12:54:48');
INSERT INTO permissions VALUES('30','7','products.index','2022-02-05 12:56:28','2022-02-05 12:56:28');
INSERT INTO permissions VALUES('31','7','products.create','2022-02-05 12:56:28','2022-02-05 12:56:28');
INSERT INTO permissions VALUES('34','10','generated::Fw353opPCTs0U6cZ','2022-02-05 12:58:24','2022-02-05 12:58:24');
INSERT INTO permissions VALUES('35','10','products.index','2022-02-05 12:58:24','2022-02-05 12:58:24');
INSERT INTO permissions VALUES('36','10','products.create','2022-02-05 12:58:24','2022-02-05 12:58:24');
INSERT INTO permissions VALUES('37','10','products.edit','2022-02-05 12:58:24','2022-02-05 12:58:24');
INSERT INTO permissions VALUES('38','10','products.destroy','2022-02-05 12:58:24','2022-02-05 12:58:24');
INSERT INTO permissions VALUES('39','13','temp-product.index','2022-03-09 08:52:29','2022-03-09 08:52:29');
INSERT INTO permissions VALUES('40','13','temp-product.create','2022-03-09 08:52:29','2022-03-09 08:52:29');
INSERT INTO permissions VALUES('41','13','temp-product.show','2022-03-09 08:52:29','2022-03-09 08:52:29');
INSERT INTO permissions VALUES('42','13','temp-product.edit','2022-03-09 08:52:29','2022-03-09 08:52:29');
INSERT INTO permissions VALUES('43','13','products.index','2022-03-09 08:52:29','2022-03-09 08:52:29');
INSERT INTO permissions VALUES('44','13','products.create','2022-03-09 08:52:29','2022-03-09 08:52:29');
INSERT INTO permissions VALUES('45','13','products.edit','2022-03-09 08:52:29','2022-03-09 08:52:29');
INSERT INTO permissions VALUES('46','13','categories.index','2022-03-09 08:52:29','2022-03-09 08:52:29');
INSERT INTO permissions VALUES('47','13','categories.create','2022-03-09 08:52:29','2022-03-09 08:52:29');
INSERT INTO permissions VALUES('48','13','categories.show','2022-03-09 08:52:29','2022-03-09 08:52:29');
INSERT INTO permissions VALUES('49','13','units.index','2022-03-09 08:52:29','2022-03-09 08:52:29');
INSERT INTO permissions VALUES('50','13','units.create','2022-03-09 08:52:29','2022-03-09 08:52:29');
INSERT INTO permissions VALUES('51','13','units.edit','2022-03-09 08:52:29','2022-03-09 08:52:29');
INSERT INTO permissions VALUES('107','16','products.index','2022-03-14 04:28:57','2022-03-14 04:28:57');
INSERT INTO permissions VALUES('108','16','products.create','2022-03-14 04:28:57','2022-03-14 04:28:57');
INSERT INTO permissions VALUES('109','16','products.edit','2022-03-14 04:28:57','2022-03-14 04:28:57');
INSERT INTO permissions VALUES('110','16','orders.assign_delivery_boy','2022-03-14 04:28:57','2022-03-14 04:28:57');
INSERT INTO permissions VALUES('111','16','orders.index','2022-03-14 04:28:57','2022-03-14 04:28:57');
INSERT INTO permissions VALUES('112','16','orders.show','2022-03-14 04:28:57','2022-03-14 04:28:57');
INSERT INTO permissions VALUES('113','16','orders.update','2022-03-14 04:28:57','2022-03-14 04:28:57');
INSERT INTO permissions VALUES('114','16','orders.invoice','2022-03-14 04:28:57','2022-03-14 04:28:57');
INSERT INTO permissions VALUES('115','16','categories.index','2022-03-14 04:28:57','2022-03-14 04:28:57');
INSERT INTO permissions VALUES('116','16','categories.create','2022-03-14 04:28:57','2022-03-14 04:28:57');
INSERT INTO permissions VALUES('117','16','categories.show','2022-03-14 04:28:57','2022-03-14 04:28:57');
INSERT INTO permissions VALUES('118','16','categories.edit','2022-03-14 04:28:57','2022-03-14 04:28:57');
INSERT INTO permissions VALUES('119','16','units.index','2022-03-14 04:28:57','2022-03-14 04:28:57');
INSERT INTO permissions VALUES('120','16','units.create','2022-03-14 04:28:57','2022-03-14 04:28:57');
INSERT INTO permissions VALUES('121','16','units.edit','2022-03-14 04:28:57','2022-03-14 04:28:57');
INSERT INTO permissions VALUES('161','15','temp-product.index','2022-03-20 08:36:55','2022-03-20 08:36:55');
INSERT INTO permissions VALUES('162','15','temp-product.create','2022-03-20 08:36:55','2022-03-20 08:36:55');
INSERT INTO permissions VALUES('163','15','temp-product.show','2022-03-20 08:36:55','2022-03-20 08:36:55');
INSERT INTO permissions VALUES('164','15','temp-product.edit','2022-03-20 08:36:55','2022-03-20 08:36:55');
INSERT INTO permissions VALUES('165','15','products.index','2022-03-20 08:36:55','2022-03-20 08:36:55');
INSERT INTO permissions VALUES('166','15','products.create','2022-03-20 08:36:55','2022-03-20 08:36:55');
INSERT INTO permissions VALUES('167','15','products.edit','2022-03-20 08:36:55','2022-03-20 08:36:55');
INSERT INTO permissions VALUES('168','15','orders.assign_delivery_boy','2022-03-20 08:36:55','2022-03-20 08:36:55');
INSERT INTO permissions VALUES('169','15','orders.index','2022-03-20 08:36:55','2022-03-20 08:36:55');
INSERT INTO permissions VALUES('170','15','orders.show','2022-03-20 08:36:55','2022-03-20 08:36:55');
INSERT INTO permissions VALUES('171','15','orders.update','2022-03-20 08:36:55','2022-03-20 08:36:55');
INSERT INTO permissions VALUES('172','15','orders.invoice','2022-03-20 08:36:55','2022-03-20 08:36:55');
INSERT INTO permissions VALUES('173','15','categories.index','2022-03-20 08:36:55','2022-03-20 08:36:55');
INSERT INTO permissions VALUES('174','15','categories.create','2022-03-20 08:36:55','2022-03-20 08:36:55');
INSERT INTO permissions VALUES('175','15','categories.show','2022-03-20 08:36:55','2022-03-20 08:36:55');
INSERT INTO permissions VALUES('176','15','categories.edit','2022-03-20 08:36:55','2022-03-20 08:36:55');
INSERT INTO permissions VALUES('177','15','offers.index','2022-03-20 08:36:55','2022-03-20 08:36:55');
INSERT INTO permissions VALUES('178','15','offers.create','2022-03-20 08:36:55','2022-03-20 08:36:55');
INSERT INTO permissions VALUES('179','15','offers.edit','2022-03-20 08:36:55','2022-03-20 08:36:55');
INSERT INTO permissions VALUES('180','15','units.index','2022-03-20 08:36:55','2022-03-20 08:36:55');
INSERT INTO permissions VALUES('181','15','units.create','2022-03-20 08:36:55','2022-03-20 08:36:55');
INSERT INTO permissions VALUES('182','15','units.edit','2022-03-20 08:36:55','2022-03-20 08:36:55');
INSERT INTO permissions VALUES('183','15','customers.index','2022-03-20 08:36:55','2022-03-20 08:36:55');
INSERT INTO permissions VALUES('184','15','customers.show','2022-03-20 08:36:55','2022-03-20 08:36:55');
INSERT INTO permissions VALUES('206','18','products.index','2022-03-24 07:00:07','2022-03-24 07:00:07');
INSERT INTO permissions VALUES('207','18','products.create','2022-03-24 07:00:07','2022-03-24 07:00:07');
INSERT INTO permissions VALUES('208','18','products.edit','2022-03-24 07:00:07','2022-03-24 07:00:07');
INSERT INTO permissions VALUES('209','18','orders.assign_delivery_boy','2022-03-24 07:00:07','2022-03-24 07:00:07');
INSERT INTO permissions VALUES('210','18','orders.index','2022-03-24 07:00:07','2022-03-24 07:00:07');
INSERT INTO permissions VALUES('211','18','orders.show','2022-03-24 07:00:07','2022-03-24 07:00:07');
INSERT INTO permissions VALUES('212','18','orders.update','2022-03-24 07:00:07','2022-03-24 07:00:07');
INSERT INTO permissions VALUES('213','18','orders.destroy','2022-03-24 07:00:07','2022-03-24 07:00:07');
INSERT INTO permissions VALUES('214','18','orders.invoice','2022-03-24 07:00:07','2022-03-24 07:00:07');
INSERT INTO permissions VALUES('215','18','order.product','2022-03-24 07:00:07','2022-03-24 07:00:07');
INSERT INTO permissions VALUES('216','18','order.product.search','2022-03-24 07:00:07','2022-03-24 07:00:07');
INSERT INTO permissions VALUES('217','18','order.product.download','2022-03-24 07:00:07','2022-03-24 07:00:07');
INSERT INTO permissions VALUES('218','18','order.product.search.download','2022-03-24 07:00:07','2022-03-24 07:00:07');
INSERT INTO permissions VALUES('219','18','categories.index','2022-03-24 07:00:07','2022-03-24 07:00:07');
INSERT INTO permissions VALUES('220','18','categories.create','2022-03-24 07:00:07','2022-03-24 07:00:07');
INSERT INTO permissions VALUES('221','18','categories.show','2022-03-24 07:00:07','2022-03-24 07:00:07');
INSERT INTO permissions VALUES('222','18','categories.edit','2022-03-24 07:00:07','2022-03-24 07:00:07');
INSERT INTO permissions VALUES('223','18','units.index','2022-03-24 07:00:07','2022-03-24 07:00:07');
INSERT INTO permissions VALUES('224','18','units.create','2022-03-24 07:00:07','2022-03-24 07:00:07');
INSERT INTO permissions VALUES('225','18','units.edit','2022-03-24 07:00:07','2022-03-24 07:00:07');
INSERT INTO permissions VALUES('226','18','reports.order_report','2022-03-24 07:00:07','2022-03-24 07:00:07');
INSERT INTO permissions VALUES('227','18','reports.sales_report','2022-03-24 07:00:07','2022-03-24 07:00:07');



DROP TABLE IF EXISTS product_stocks;

CREATE TABLE `product_stocks` (
  `id` bigint(20) unsigned NOT NULL AUTO_INCREMENT,
  `product_id` bigint(20) unsigned NOT NULL,
  `stock_quantity` varchar(191) COLLATE utf8mb4_unicode_ci NOT NULL,
  `created_at` timestamp NULL DEFAULT NULL,
  `updated_at` timestamp NULL DEFAULT NULL,
  PRIMARY KEY (`id`),
  KEY `product_stocks_product_id_foreign` (`product_id`),
  CONSTRAINT `product_stocks_product_id_foreign` FOREIGN KEY (`product_id`) REFERENCES `products` (`id`) ON DELETE CASCADE ON UPDATE CASCADE
) ENGINE=InnoDB AUTO_INCREMENT=24 DEFAULT CHARSET=utf8mb4 COLLATE=utf8mb4_unicode_ci;

INSERT INTO product_stocks VALUES('13','742','0','2022-04-05 07:44:40','2022-04-05 07:44:40');
INSERT INTO product_stocks VALUES('14','741','1','2022-04-05 08:01:39','2022-04-05 08:01:39');
INSERT INTO product_stocks VALUES('15','740','1','2022-04-05 08:03:53','2022-04-05 08:03:53');
INSERT INTO product_stocks VALUES('16','739','1','2022-04-05 08:04:17','2022-04-05 08:04:17');
INSERT INTO product_stocks VALUES('17','738','1','2022-04-05 08:04:48','2022-04-05 08:04:48');
INSERT INTO product_stocks VALUES('18','737','1','2022-04-05 08:05:25','2022-04-05 08:05:25');
INSERT INTO product_stocks VALUES('19','736','1','2022-04-05 08:05:49','2022-04-05 08:05:49');
INSERT INTO product_stocks VALUES('20','735','1','2022-04-05 08:07:02','2022-04-05 08:07:02');
INSERT INTO product_stocks VALUES('21','735','1','2022-04-05 08:07:03','2022-04-05 08:07:03');
INSERT INTO product_stocks VALUES('22','734','1','2022-04-05 08:08:45','2022-04-05 08:08:45');
INSERT INTO product_stocks VALUES('23','713','','2022-04-05 08:08:56','2022-04-05 08:08:56');



DROP TABLE IF EXISTS product_translations;

CREATE TABLE `product_translations` (
  `id` bigint(20) unsigned NOT NULL AUTO_INCREMENT,
  `product_id` bigint(20) unsigned NOT NULL,
  `locale` varchar(191) COLLATE utf8mb4_unicode_ci NOT NULL,
  `name` varchar(191) COLLATE utf8mb4_unicode_ci NOT NULL,
  `description` longtext COLLATE utf8mb4_unicode_ci DEFAULT NULL,
  `created_at` timestamp NULL DEFAULT NULL,
  `updated_at` timestamp NULL DEFAULT NULL,
  PRIMARY KEY (`id`),
  UNIQUE KEY `product_translations_product_id_locale_unique` (`product_id`,`locale`),
  CONSTRAINT `product_translations_product_id_foreign` FOREIGN KEY (`product_id`) REFERENCES `products` (`id`) ON DELETE CASCADE
) ENGINE=InnoDB AUTO_INCREMENT=924 DEFAULT CHARSET=utf8mb4 COLLATE=utf8mb4_unicode_ci;

INSERT INTO product_translations VALUES('242','246','English','ACI Pure Roast Masala','','2022-01-24 17:17:39','2022-03-07 18:10:48');
INSERT INTO product_translations VALUES('254','258','English','ACI  Pure Dhakaiya Kacchi Biriani Masala','','2022-01-24 17:28:25','2022-03-07 17:00:00');
INSERT INTO product_translations VALUES('383','387','English','ACI Pure Turmeric Powder','','2022-02-02 17:18:11','2022-02-08 14:32:58');
INSERT INTO product_translations VALUES('384','388','English','ACI Pure Turmeric Powder','','2022-02-02 17:19:33','2022-02-08 14:32:43');
INSERT INTO product_translations VALUES('385','389','English','ACI Pure Turmeric Powder','','2022-02-02 17:22:52','2022-02-08 14:32:29');
INSERT INTO product_translations VALUES('386','390','English','ACI Pure Turmeric Powder','','2022-02-02 17:23:43','2022-02-08 14:32:15');
INSERT INTO product_translations VALUES('387','391','English','ACI Pure Powder Chilli','','2022-02-02 17:28:44','2022-02-08 16:30:00');
INSERT INTO product_translations VALUES('388','392','English','ACI Pure Powder Chilli','','2022-02-02 17:29:56','2022-02-08 16:30:08');
INSERT INTO product_translations VALUES('389','393','English','ACI Pure Powder Chilli','','2022-02-02 17:30:47','2022-02-08 16:29:52');
INSERT INTO product_translations VALUES('390','394','English','ACI Pure Powder Chilli','','2022-02-02 17:31:30','2022-02-08 14:31:22');
INSERT INTO product_translations VALUES('391','395','English','ACI Pure Coriander Powder','','2022-02-02 17:34:21','2022-02-08 16:28:37');
INSERT INTO product_translations VALUES('392','396','English','ACI Pure Coriander Powder-Jar','','2022-02-02 17:38:06','2022-03-14 12:48:51');
INSERT INTO product_translations VALUES('394','398','English','ACI Pure Coriander Powder','','2022-02-02 17:44:00','2022-02-08 14:30:22');
INSERT INTO product_translations VALUES('395','399','English','ACI Pure Cumin Powder','','2022-02-02 17:47:50','2022-02-08 14:30:11');
INSERT INTO product_translations VALUES('396','400','English','ACI Pure Cumin Powder','','2022-02-02 17:49:41','2022-02-08 14:29:57');
INSERT INTO product_translations VALUES('397','401','English','ACI Pure Cumin Powder-Jar','','2022-02-02 17:54:25','2022-02-08 16:29:21');
INSERT INTO product_translations VALUES('399','403','English','Pure Meat Curry Masala','','2022-02-02 20:04:59','2022-02-08 14:29:17');
INSERT INTO product_translations VALUES('400','404','English','ACI Pure Chicken Curry Masala','','2022-02-02 20:06:53','2022-02-08 16:35:23');
INSERT INTO product_translations VALUES('401','405','English','ACI Pure Beef Curry Masala','','2022-02-02 20:09:36','2022-02-08 16:34:35');
INSERT INTO product_translations VALUES('402','406','English','ACI Pure Fish Curry','','2022-02-02 20:11:42','2022-02-08 16:36:27');
INSERT INTO product_translations VALUES('405','409','English','ACI Chotpoti Masala','','2022-02-04 19:59:02','2022-02-08 14:28:28');
INSERT INTO product_translations VALUES('406','410','English','Panchforan','','2022-02-04 20:16:33','2022-02-11 19:16:57');
INSERT INTO product_translations VALUES('407','411','English','ACI Fun Fresh Fry','','2022-02-04 20:19:23','2022-03-07 19:07:01');
INSERT INTO product_translations VALUES('408','412','English','ACI Pure Tehari Masala','','2022-02-04 20:19:46','2022-03-07 17:23:09');
INSERT INTO product_translations VALUES('409','413','English','ACI Pure Mezbani Masala','','2022-02-04 20:22:08','2022-02-08 14:27:31');
INSERT INTO product_translations VALUES('410','414','English','ACI Pure Kabab Masala','','2022-02-04 20:23:28','2022-03-14 12:31:14');
INSERT INTO product_translations VALUES('411','415','English','ACI Fun Cup Cake(Butter)','','2022-02-04 20:24:33','2022-02-11 19:15:03');
INSERT INTO product_translations VALUES('412','416','English','ACI Pure Garam Masala','','2022-02-04 20:25:33','2022-02-08 14:26:18');
INSERT INTO product_translations VALUES('413','417','English','ACI Pure Kheer Mix','','2022-02-04 20:28:28','2022-02-08 14:26:01');
INSERT INTO product_translations VALUES('414','418','English','ACI Pure Mixed Pickle','','2022-02-04 20:29:12','2022-03-11 18:17:19');
INSERT INTO product_translations VALUES('415','419','English','ACI Pure Haleem Mix','','2022-02-04 20:29:43','2022-03-09 13:47:57');
INSERT INTO product_translations VALUES('424','429','English','ACI Savlon Active Antiseptic Soap','','2022-02-09 16:32:36','2022-02-09 16:32:36');
INSERT INTO product_translations VALUES('425','430','English','ACI Savlon Liquid Antiseptic','','2022-02-09 16:36:07','2022-02-09 16:36:07');
INSERT INTO product_translations VALUES('426','431','English','ACI Savlon Liquid Antiseptic','','2022-02-09 16:38:38','2022-02-09 16:38:38');
INSERT INTO product_translations VALUES('427','432','English','Wheel Laundry Soap','','2022-02-09 16:51:14','2022-02-09 16:51:14');
INSERT INTO product_translations VALUES('428','433','English','Wheel Powder Clean & Fresh','','2022-02-09 19:42:10','2022-02-09 19:42:10');
INSERT INTO product_translations VALUES('429','434','English','Wheel Powder Clean & Fresh','','2022-02-09 19:45:02','2022-02-09 19:45:02');
INSERT INTO product_translations VALUES('430','435','English','Wheel Powder Clean & Fresh','','2022-02-09 19:46:34','2022-02-09 19:46:34');
INSERT INTO product_translations VALUES('431','436','English','RIN Liquid','','2022-02-09 19:55:42','2022-02-09 19:55:42');
INSERT INTO product_translations VALUES('432','437','English','Rin Standard Powder','','2022-02-09 19:58:37','2022-02-09 19:58:37');
INSERT INTO product_translations VALUES('433','438','English','Rin Standard Powder','','2022-02-09 19:59:21','2022-02-09 19:59:21');
INSERT INTO product_translations VALUES('434','439','English','Lifebuoy Liquid Handwash','','2022-02-09 19:59:27','2022-02-09 19:59:27');
INSERT INTO product_translations VALUES('435','440','English','Surf Excel Standard Powder','','2022-02-09 20:01:57','2022-02-09 20:01:57');
INSERT INTO product_translations VALUES('436','441','English','Surf Excel Standard Powder','','2022-02-09 20:05:43','2022-02-09 20:05:43');
INSERT INTO product_translations VALUES('437','442','English','Surf Exce Quick Wash Liquid','','2022-02-09 20:07:50','2022-03-07 18:59:42');
INSERT INTO product_translations VALUES('438','443','English','Surf Excel Standard Powder','','2022-02-09 20:09:21','2022-02-09 20:09:21');
INSERT INTO product_translations VALUES('439','444','English','Surf Excel Standard Powder','','2022-02-09 20:10:36','2022-02-09 20:10:36');
INSERT INTO product_translations VALUES('440','445','English','Lifebuoy Liquid Handwash lemon','','2022-02-09 20:15:00','2022-02-09 20:15:00');
INSERT INTO product_translations VALUES('441','446','English','Lifebuoy Liquid Handwash','','2022-02-09 20:16:26','2022-02-09 20:16:26');
INSERT INTO product_translations VALUES('442','447','English','Lifebuoy Liquid Handwash Cool Fresh','','2022-02-09 20:20:12','2022-02-09 20:20:12');
INSERT INTO product_translations VALUES('443','448','English','Lifebuoy Bar lemon Fresh','','2022-02-09 20:22:32','2022-02-09 20:22:32');
INSERT INTO product_translations VALUES('444','449','English','Lifebuoy Skin Bar Care','','2022-02-09 20:28:06','2022-02-09 20:28:54');
INSERT INTO product_translations VALUES('445','450','English','Lifebuoy Skin Bar','','2022-02-09 20:30:31','2022-02-09 20:30:31');
INSERT INTO product_translations VALUES('446','451','English','Lifebuoy Skin Bar Care','','2022-02-09 20:32:08','2022-02-09 20:32:08');
INSERT INTO product_translations VALUES('447','452','English','Lifebuoy Skin Bar','','2022-02-09 20:32:31','2022-02-09 20:32:31');
INSERT INTO product_translations VALUES('448','453','English','Lux Bar Camelia and Aloe vera','','2022-02-09 20:36:02','2022-02-09 20:36:02');
INSERT INTO product_translations VALUES('449','454','English','Dove Skin Cleansing Bar White','','2022-02-11 17:09:19','2022-02-11 17:11:57');
INSERT INTO product_translations VALUES('450','455','English','Dove Skin Cleansing Bar Pink','','2022-02-11 17:11:15','2022-02-11 17:11:15');
INSERT INTO product_translations VALUES('451','456','English','Dove Skin Cleansing Bar White','','2022-02-11 17:12:57','2022-02-11 17:12:57');
INSERT INTO product_translations VALUES('452','457','English','Dove Skin Cleansing Bar Pink','','2022-02-11 17:13:56','2022-02-11 17:13:56');
INSERT INTO product_translations VALUES('453','458','English','Glow and Lovely Bar Multivitamin','','2022-02-11 17:21:03','2022-02-11 17:21:03');
INSERT INTO product_translations VALUES('454','459','English','Glow & Lovely Bar Multani Mati','','2022-02-11 17:24:22','2022-02-11 17:24:22');
INSERT INTO product_translations VALUES('455','460','English','Vim Bar Ice Hockey','','2022-02-11 17:44:09','2022-02-11 17:44:09');
INSERT INTO product_translations VALUES('456','461','English','Vim Bar Ice Hockey','','2022-02-11 17:45:45','2022-02-11 17:45:45');
INSERT INTO product_translations VALUES('457','462','English','Brooke Bond Taaza Black Tea','','2022-02-11 18:01:31','2022-02-11 18:01:31');
INSERT INTO product_translations VALUES('458','463','English','Brooke Bond Taaza Black Tea','','2022-02-11 18:02:11','2022-02-11 18:02:11');
INSERT INTO product_translations VALUES('459','464','English','Brooke Bond Taaza Tea Bag','','2022-02-11 18:07:02','2022-02-11 18:07:02');
INSERT INTO product_translations VALUES('460','465','English','Knorr Hot and Sour Chicken Soup','','2022-02-11 18:13:27','2022-02-11 18:13:27');
INSERT INTO product_translations VALUES('461','466','English','Knorr Instant Cup Thai Soup','','2022-02-11 18:20:01','2022-02-11 18:20:01');
INSERT INTO product_translations VALUES('462','467','English','Knorr Soup Thai','','2022-02-11 18:21:32','2022-02-11 18:21:32');
INSERT INTO product_translations VALUES('463','468','English','Knorr Crispy Fried Chicken Mix','','2022-02-11 18:26:19','2022-02-11 18:26:19');
INSERT INTO product_translations VALUES('464','469','English','Sunsilk Shampoo Hijab Recharge','','2022-02-11 18:31:26','2022-02-11 18:31:26');
INSERT INTO product_translations VALUES('465','470','English','Sunsilk Shampoo Stunning Black Shine','','2022-02-11 18:34:33','2022-02-11 18:34:33');
INSERT INTO product_translations VALUES('466','471','English','Clear Hijab Anti Limp Shampoo','','2022-02-11 18:41:33','2022-02-11 18:41:33');
INSERT INTO product_translations VALUES('467','472','English','Closeup Toothpaste Cool Mint','','2022-02-11 18:45:56','2022-02-11 18:45:56');
INSERT INTO product_translations VALUES('468','473','English','Pepsodent Sensitive Expert Professional','','2022-02-11 19:02:39','2022-02-11 19:02:39');
INSERT INTO product_translations VALUES('471','473','language','Pepsodent Sensitive Expert Professional','','2022-02-16 17:34:22','2022-02-16 17:34:22');
INSERT INTO product_translations VALUES('491','499','English','Dove Shampoo Healthy Grow','','2022-03-07 16:16:04','2022-03-07 16:16:04');
INSERT INTO product_translations VALUES('492','500','English','Lux Handwash Rose and Almond Oil','','2022-03-07 16:45:32','2022-03-07 16:45:32');
INSERT INTO product_translations VALUES('493','501','English','ACI Pure Aromatic Broken Rice','','2022-03-07 16:54:06','2022-03-07 16:54:06');
INSERT INTO product_translations VALUES('494','502','English','Lux Soap Bar Soft Glow','','2022-03-07 16:54:39','2022-03-07 16:54:39');
INSERT INTO product_translations VALUES('495','503','English','ACI Pure Plain Toast','','2022-03-07 17:20:18','2022-03-07 17:20:18');
INSERT INTO product_translations VALUES('496','504','English','ACI Pure Mustard Oil','','2022-03-07 17:22:40','2022-03-07 17:22:40');
INSERT INTO product_translations VALUES('497','505','English','ACI Pure Mustard Oil','','2022-03-07 17:23:58','2022-03-07 17:23:58');
INSERT INTO product_translations VALUES('498','506','English','ACI Pure Mustard Oil','','2022-03-07 17:24:57','2022-03-07 17:24:57');
INSERT INTO product_translations VALUES('499','507','English','Fun Chanachur Hot & Spicy','','2022-03-07 17:42:54','2022-03-07 17:42:54');
INSERT INTO product_translations VALUES('500','508','English','Fun Chanachur Hot and Spicy','','2022-03-07 17:48:10','2022-03-07 17:48:10');
INSERT INTO product_translations VALUES('501','509','English','ACI Thai Noodles Oriental Thai','','2022-03-07 17:58:08','2022-03-07 17:58:08');
INSERT INTO product_translations VALUES('503','511','English','ACI Aerosol Spray','','2022-03-08 14:18:42','2022-03-08 14:18:42');
INSERT INTO product_translations VALUES('506','514','English','ACI Aerosol Spray','','2022-03-08 14:43:41','2022-03-08 14:43:41');
INSERT INTO product_translations VALUES('507','515','English','ACI Aerosol Spray','','2022-03-08 14:44:25','2022-03-08 14:44:25');
INSERT INTO product_translations VALUES('508','516','English','ACI Aerosol Spray','','2022-03-08 14:49:19','2022-03-08 14:49:19');
INSERT INTO product_translations VALUES('509','517','English','ACI Colgate Active Salt','','2022-03-08 14:55:53','2022-03-08 14:55:53');
INSERT INTO product_translations VALUES('510','518','English','ACI Colgate Active Salt','','2022-03-08 14:57:44','2022-03-08 14:57:44');
INSERT INTO product_translations VALUES('511','519','English','Neem Original (Olive & Aloe Vera) Soap','','2022-03-08 15:00:48','2022-03-08 15:00:48');
INSERT INTO product_translations VALUES('512','520','English','Premium Nazirshail Rice','','2022-03-08 15:03:21','2022-03-19 12:40:25');
INSERT INTO product_translations VALUES('513','521','English','Premium Miniket Rice','','2022-03-08 15:04:36','2022-03-19 12:41:33');
INSERT INTO product_translations VALUES('515','523','English','Vim liquid dishwash','','2022-03-08 17:06:39','2022-03-08 17:14:40');
INSERT INTO product_translations VALUES('516','524','English','ACI Pure Tandoori Stick Noodles','','2022-03-08 17:12:20','2022-03-08 17:12:20');
INSERT INTO product_translations VALUES('517','525','English','Radhuni Cumin Powder','','2022-03-09 12:38:53','2022-03-09 12:38:53');
INSERT INTO product_translations VALUES('518','526','English','Radhuni Turmeric Powder','','2022-03-09 12:42:48','2022-03-09 12:42:48');
INSERT INTO product_translations VALUES('519','527','English','Radhuni Cumin Powder','','2022-03-09 12:45:50','2022-03-09 12:45:50');
INSERT INTO product_translations VALUES('520','528','English','Radhuni Turmeric Powder','','2022-03-09 12:47:09','2022-03-09 12:47:09');
INSERT INTO product_translations VALUES('521','529','English','Radhuni Cumin Powder Pet Jar','','2022-03-09 12:49:21','2022-03-09 12:49:21');
INSERT INTO product_translations VALUES('522','530','English','Radhuni Turmeric Powder (Jar)','','2022-03-09 12:50:06','2022-03-09 12:50:06');
INSERT INTO product_translations VALUES('523','531','English','Radhuni Chilli powder','','2022-03-09 12:54:27','2022-03-09 12:54:27');
INSERT INTO product_translations VALUES('524','532','English','Radhuni Garam Masala','','2022-03-09 12:55:11','2022-03-09 12:55:11');
INSERT INTO product_translations VALUES('525','533','English','Radhuni Chilli powder','','2022-03-09 12:55:31','2022-03-09 12:55:31');
INSERT INTO product_translations VALUES('526','534','English','Radhuni Chilli powder (Jar)','','2022-03-09 12:58:18','2022-03-09 12:58:18');
INSERT INTO product_translations VALUES('527','535','English','Radhuni Garam Masala','','2022-03-09 12:59:50','2022-03-09 12:59:50');
INSERT INTO product_translations VALUES('528','536','English','Radhuni Coriander Powder','','2022-03-09 13:00:16','2022-03-09 13:00:16');
INSERT INTO product_translations VALUES('529','537','English','Radhuni Meat Curry Masala','','2022-03-09 13:03:16','2022-03-09 13:03:16');
INSERT INTO product_translations VALUES('530','538','English','Radhuni Coriander Powder','','2022-03-09 13:03:46','2022-03-09 13:03:46');
INSERT INTO product_translations VALUES('531','539','English','Radhuni Coriander Powder (Jar)','','2022-03-09 13:05:17','2022-03-09 13:05:17');
INSERT INTO product_translations VALUES('532','540','English','Radhuni Beef Curry Masala','','2022-03-09 13:09:23','2022-03-09 13:09:23');
INSERT INTO product_translations VALUES('533','541','English','Radhuni Chicken Tandoori Masala','','2022-03-09 13:12:14','2022-03-09 13:12:14');
INSERT INTO product_translations VALUES('534','542','English','Radhuni Roast Masala','','2022-03-09 13:14:15','2022-03-09 13:14:15');
INSERT INTO product_translations VALUES('535','543','English','Radhuni Mejbani Beef Masala','','2022-03-09 13:14:51','2022-03-09 13:14:51');
INSERT INTO product_translations VALUES('536','544','English','Radhuni Biryani Masala','','2022-03-09 13:16:18','2022-03-09 13:16:18');
INSERT INTO product_translations VALUES('537','545','English','Radhuni Kachchi Biryani Masala','','2022-03-09 13:17:30','2022-03-09 13:17:30');
INSERT INTO product_translations VALUES('538','546','English','Radhuni Kala Bhuna Masala','','2022-03-09 13:18:19','2022-03-09 13:18:19');
INSERT INTO product_translations VALUES('539','547','English','Radhuni Tehari Masala','','2022-03-09 13:19:00','2022-03-09 13:19:00');
INSERT INTO product_translations VALUES('540','548','English','Radhuni Chatpoti Masala','','2022-03-09 13:20:39','2022-03-09 13:20:39');
INSERT INTO product_translations VALUES('541','549','English','Radhuni Chicken Masala','','2022-03-09 13:21:18','2022-03-09 13:21:18');
INSERT INTO product_translations VALUES('542','550','English','Radhuni Pure Mustard Oil','','2022-03-09 13:27:26','2022-03-09 13:27:26');
INSERT INTO product_translations VALUES('543','551','English','Radhuni Khichuri Mix','','2022-03-09 13:28:45','2022-03-09 13:28:45');
INSERT INTO product_translations VALUES('544','552','English','Radhuni Pure Mustard Oil','','2022-03-09 13:29:29','2022-03-09 13:29:29');
INSERT INTO product_translations VALUES('545','553','English','Radhuni Kheer Mix','','2022-03-09 13:32:46','2022-03-09 13:32:46');
INSERT INTO product_translations VALUES('546','554','English','Radhuni Pure Mustard Oil','','2022-03-09 13:35:20','2022-03-09 13:35:20');
INSERT INTO product_translations VALUES('547','555','English','Radhuni Falooda Mix-Mango Flavor','','2022-03-09 13:35:41','2022-03-09 13:35:41');
INSERT INTO product_translations VALUES('548','556','English','Radhuni Falooda Mix-Vanila Flavor','','2022-03-09 13:37:29','2022-03-09 13:37:29');
INSERT INTO product_translations VALUES('549','557','English','Chashi Aromatic Chinigura Rice','','2022-03-09 13:39:56','2022-03-09 13:39:56');
INSERT INTO product_translations VALUES('550','558','English','Radhuni Haleem Mix','','2022-03-09 13:47:18','2022-03-09 13:47:18');
INSERT INTO product_translations VALUES('551','559','English','Diamond Potato','','2022-03-10 01:00:40','2022-03-19 12:34:57');
INSERT INTO product_translations VALUES('552','560','English','Deshi Peyaj(onion)','','2022-03-10 01:02:13','2022-03-26 13:22:41');
INSERT INTO product_translations VALUES('553','561','English','ACI Gold Chinigura Aromatic Rice','','2022-03-11 18:48:27','2022-03-11 18:48:27');
INSERT INTO product_translations VALUES('554','562','English','ACI Pure Chinigura Aromatic Rice','','2022-03-11 18:55:41','2022-03-11 18:55:41');
INSERT INTO product_translations VALUES('555','563','English','Fresh Atta','','2022-03-12 19:41:34','2022-03-12 19:41:34');
INSERT INTO product_translations VALUES('556','564','English','Teer Atta','','2022-03-12 19:45:16','2022-03-12 19:45:16');
INSERT INTO product_translations VALUES('557','565','English','Meat Beef','','2022-03-12 19:48:50','2022-03-12 19:48:50');
INSERT INTO product_translations VALUES('558','566','English','Sunshine Atta','','2022-03-12 19:53:59','2022-03-12 19:53:59');
INSERT INTO product_translations VALUES('559','567','English','Sena Soyabean Oil','','2022-03-12 19:56:15','2022-03-12 19:56:15');
INSERT INTO product_translations VALUES('560','568','English','Hilsha Fish ( 50gm)','','2022-03-12 19:59:04','2022-03-12 19:59:04');
INSERT INTO product_translations VALUES('561','569','English','Chingri ( 50 gm)','','2022-03-12 21:09:48','2022-03-12 21:14:53');
INSERT INTO product_translations VALUES('562','570','English','Shing (50 gm)','','2022-03-12 21:11:20','2022-03-12 21:11:20');
INSERT INTO product_translations VALUES('563','571','English','Katol Fish ( 50 gm)','','2022-03-12 21:13:03','2022-03-12 21:13:03');
INSERT INTO product_translations VALUES('564','572','English','Nestl Koko Krunch','','2022-03-12 21:54:51','2022-03-12 21:54:51');
INSERT INTO product_translations VALUES('748','676','English','Tang Orange Instant Drink Powder','','2022-04-04 15:10:28','2022-04-04 16:26:36');
INSERT INTO product_translations VALUES('749','671','English','mr-noodles-shahi-masala-8pcs','','2022-04-04 15:11:15','2022-04-04 15:11:15');
INSERT INTO product_translations VALUES('750','675','English','dettol-antiseptic-disinfectant-liquid','','2022-04-04 15:12:35','2022-04-04 15:12:35');
INSERT INTO product_translations VALUES('751','674','English','harpic-toilet-cleaning-liquid','','2022-04-04 15:15:30','2022-04-04 15:15:30');
INSERT INTO product_translations VALUES('752','673','English','chopstick-noodles-deshi-masala','','2022-04-04 15:16:00','2022-04-04 15:16:00');
INSERT INTO product_translations VALUES('753','672','English','mr-noodles-korean-super-spicy','','2022-04-04 15:17:36','2022-04-04 15:17:36');
INSERT INTO product_translations VALUES('754','669','English','Baking Soda','','2022-04-04 15:18:11','2022-04-04 15:18:11');
INSERT INTO product_translations VALUES('755','668','English','Bit Lobon','','2022-04-04 15:19:55','2022-04-04 15:19:55');
INSERT INTO product_translations VALUES('756','666','English','guamuri fennel seeds-','','2022-04-04 15:22:08','2022-04-04 15:22:08');
INSERT INTO product_translations VALUES('757','665','English','Rooh Afza','','2022-04-04 15:22:43','2022-04-04 15:26:11');
INSERT INTO product_translations VALUES('758','662','English','Rooh Afza','','2022-04-04 15:23:26','2022-04-04 15:25:10');
INSERT INTO product_translations VALUES('759','657','English','Bata Fish','','2022-04-04 15:27:09','2022-04-04 15:27:09');
INSERT INTO product_translations VALUES('760','656','English','River Poa Fish','','2022-04-04 15:28:01','2022-04-04 15:28:01');
INSERT INTO product_translations VALUES('761','655','English','Ayer-Fish-1-2-50-','','2022-04-04 15:28:53','2022-04-04 15:28:53');
INSERT INTO product_translations VALUES('762','650','English','foster clark s mango instant drink powder','','2022-04-04 15:29:53','2022-04-04 15:29:53');
INSERT INTO product_translations VALUES('763','651','English','boot dal besan','','2022-04-04 15:30:39','2022-04-04 15:30:39');
INSERT INTO product_translations VALUES('764','649','English','foster clark s orange instant drink powder','','2022-04-04 15:32:10','2022-04-04 15:32:10');
INSERT INTO product_translations VALUES('765','648','English','foster clark s mango instant drink powder','','2022-04-04 15:32:58','2022-04-04 15:32:58');
INSERT INTO product_translations VALUES('766','647','English','Foster Clark s-orange Instant Drink Powder','','2022-04-04 15:38:16','2022-04-04 15:38:16');
INSERT INTO product_translations VALUES('767','646','English','Sun Sugar(chini)','','2022-04-04 15:38:54','2022-04-04 15:38:54');
INSERT INTO product_translations VALUES('768','645','English','Molla Super Salt','','2022-04-04 15:39:47','2022-04-04 15:39:47');
INSERT INTO product_translations VALUES('769','643','English','Sabudana','','2022-04-04 15:40:18','2022-04-04 15:40:18');
INSERT INTO product_translations VALUES('770','642','English','Quaker Oats Jar','','2022-04-04 15:40:48','2022-04-04 15:40:48');
INSERT INTO product_translations VALUES('771','641','English','Quaker Oats Jar','','2022-04-04 15:41:22','2022-04-04 15:41:22');
INSERT INTO product_translations VALUES('772','634','English','Boot Dal Besan','','2022-04-04 15:42:03','2022-04-04 15:42:03');
INSERT INTO product_translations VALUES('773','629','English','boot dal','','2022-04-04 15:42:47','2022-04-04 15:42:47');
INSERT INTO product_translations VALUES('774','626','English','pran hot tomato sauce','','2022-04-04 15:44:17','2022-04-04 15:44:17');
INSERT INTO product_translations VALUES('775','625','English','Teer Semolina Suji','','2022-04-04 15:44:56','2022-04-04 15:44:56');
INSERT INTO product_translations VALUES('776','624','English','Chicken Eggs','','2022-04-04 15:45:26','2022-04-04 15:45:26');
INSERT INTO product_translations VALUES('777','623','English','Bashundhara Suji','','2022-04-04 15:45:56','2022-04-04 15:45:56');
INSERT INTO product_translations VALUES('778','622','English','Almond Kathbadam','','2022-04-04 15:46:29','2022-04-04 15:46:29');
INSERT INTO product_translations VALUES('779','621','English','Golden Kismis','','2022-04-04 15:47:05','2022-04-04 15:47:05');
INSERT INTO product_translations VALUES('780','620','English','Alu Bukhara Dried Plums','','2022-04-04 15:47:47','2022-04-04 15:47:47');
INSERT INTO product_translations VALUES('781','619','English','Forest Moon Baking Powder','','2022-04-04 15:49:11','2022-04-04 15:49:11');
INSERT INTO product_translations VALUES('782','618','English','Garlic Garlic Imported','','2022-04-04 15:49:48','2022-04-04 15:49:48');
INSERT INTO product_translations VALUES('783','617','English','Ginger Imported','','2022-04-04 15:50:21','2022-04-04 15:50:21');
INSERT INTO product_translations VALUES('784','615','English','Cumin Jira','','2022-04-04 15:51:02','2022-04-04 15:51:02');
INSERT INTO product_translations VALUES('785','614','English','Black Pepper','','2022-04-04 15:51:40','2022-04-04 15:51:40');
INSERT INTO product_translations VALUES('786','613','English','Elach','','2022-04-04 15:52:07','2022-04-04 15:52:07');
INSERT INTO product_translations VALUES('787','612','English','Clove Lobongo','','2022-04-04 15:53:27','2022-04-04 15:53:27');
INSERT INTO product_translations VALUES('788','611','English','Jarif Muri','','2022-04-04 15:54:04','2022-04-04 15:54:04');
INSERT INTO product_translations VALUES('789','610','English','Jarif Muri','','2022-04-04 15:54:37','2022-04-04 15:54:37');
INSERT INTO product_translations VALUES('790','609','English','Iftar Muri','','2022-04-04 15:55:10','2022-04-04 15:55:10');
INSERT INTO product_translations VALUES('791','608','English','Iftar Muri','','2022-04-04 15:55:49','2022-04-04 15:55:49');
INSERT INTO product_translations VALUES('792','606','English','Chola Boot','','2022-04-04 15:56:41','2022-04-04 15:56:41');
INSERT INTO product_translations VALUES('793','605','English','Bathan Dairy Farm Milk','','2022-04-04 15:57:28','2022-04-04 15:57:28');
INSERT INTO product_translations VALUES('794','604','English','Bathan Dairy Farm Milk Sour Yogurt','','2022-04-04 15:58:20','2022-04-04 15:58:20');
INSERT INTO product_translations VALUES('795','603','English','Bathan Dairy Farm Milk Sweet Yogurt','','2022-04-04 15:59:01','2022-04-04 15:59:01');
INSERT INTO product_translations VALUES('796','602','English','ACI Pure Turmeric Powder Jar','','2022-04-04 16:00:00','2022-04-04 16:00:00');
INSERT INTO product_translations VALUES('797','601','English','ACI Pure Chilli Powder Jar','','2022-04-04 16:00:48','2022-04-04 16:00:48');
INSERT INTO product_translations VALUES('798','600','English','ACI Pure Coriander Powder','','2022-04-04 16:01:56','2022-04-04 16:01:56');
INSERT INTO product_translations VALUES('799','599','English','ACI Pure Meat Curry Masala','','2022-04-04 16:02:54','2022-04-04 16:02:54');
INSERT INTO product_translations VALUES('800','598','English','ACI Pure Shahi Biryani Masala','','2022-04-04 16:03:54','2022-04-04 16:03:54');
INSERT INTO product_translations VALUES('801','597','English','ACI Pure Garam Masala','','2022-04-04 16:05:06','2022-04-04 16:05:06');
INSERT INTO product_translations VALUES('802','596','English','Kalijira Houny','','2022-04-04 16:05:47','2022-04-04 16:05:47');
INSERT INTO product_translations VALUES('803','595','English','Psyllium Husk Isub Gul Vushi','','2022-04-04 16:06:35','2022-04-04 16:06:35');
INSERT INTO product_translations VALUES('804','594','English','Corn Flour','','2022-04-04 16:07:09','2022-04-04 16:07:09');
INSERT INTO product_translations VALUES('805','593','English','Rose Water','','2022-04-04 16:09:35','2022-04-04 16:09:35');
INSERT INTO product_translations VALUES('806','592','English','Kewra Water','','2022-04-04 16:10:38','2022-04-04 16:10:38');
INSERT INTO product_translations VALUES('807','591','English','Moshur Dal B Grade','','2022-04-04 16:11:35','2022-04-04 16:11:35');
INSERT INTO product_translations VALUES('808','590','English','Black Pepper','','2022-04-04 16:12:21','2022-04-04 16:12:21');
INSERT INTO product_translations VALUES('809','589','English','Clove Lobongo-','','2022-04-04 16:12:55','2022-04-04 16:12:55');
INSERT INTO product_translations VALUES('810','588','English','Elachi Jambo','','2022-04-04 16:13:39','2022-04-04 16:13:39');
INSERT INTO product_translations VALUES('811','587','English','Cinnamon Darchini','','2022-04-04 16:14:13','2022-04-04 16:14:13');
INSERT INTO product_translations VALUES('812','586','English','Cumin Jira','','2022-04-04 16:14:52','2022-04-04 16:14:52');
INSERT INTO product_translations VALUES('813','585','English','Boot Dal','','2022-04-04 16:15:38','2022-04-04 16:15:38');
INSERT INTO product_translations VALUES('814','584','English','Rupchanda Soyabean Oil','','2022-04-04 16:16:44','2022-04-04 16:16:44');
INSERT INTO product_translations VALUES('815','583','English','Mug Dal','','2022-04-04 16:17:19','2022-04-04 16:17:19');
INSERT INTO product_translations VALUES('816','582','English','Mug Dal','','2022-04-04 16:19:21','2022-04-04 16:19:21');
INSERT INTO product_translations VALUES('817','581','English','Motor Dal','','2022-04-04 16:19:53','2022-04-04 16:19:53');
INSERT INTO product_translations VALUES('818','580','English','Motor Dal','','2022-04-04 16:20:21','2022-04-04 16:20:21');
INSERT INTO product_translations VALUES('819','579','English','Moshur Dal Deshi','','2022-04-04 16:20:41','2022-04-04 16:20:41');
INSERT INTO product_translations VALUES('820','578','English','Maggi Healthy Soup Corn With Chicken','','2022-04-04 16:21:19','2022-04-04 16:21:19');
INSERT INTO product_translations VALUES('821','577','English','Maggi Healthy Soup Thai','','2022-04-04 16:21:51','2022-04-04 16:21:51');
INSERT INTO product_translations VALUES('822','576','English','Maggi Noodles Masala 12 Pack','','2022-04-04 16:22:23','2022-04-04 16:22:23');
INSERT INTO product_translations VALUES('823','575','English','Maggi Masala Instant Noodles 8 Pack','','2022-04-04 16:22:58','2022-04-04 16:22:58');
INSERT INTO product_translations VALUES('824','574','English','Magi Shade Magic','','2022-04-04 16:23:53','2022-04-04 16:23:53');
INSERT INTO product_translations VALUES('825','573','English','Maggi Noodles Masala Family Fun Pack 16 Pack','','2022-04-04 16:24:56','2022-04-04 16:24:56');
INSERT INTO product_translations VALUES('826','713','English','Mariyam Dates Khejur','','2022-04-04 16:30:35','2022-04-04 16:30:35');
INSERT INTO product_translations VALUES('827','712','English','Mariyam Dates Khejur-','','2022-04-04 16:30:56','2022-04-04 16:30:56');
INSERT INTO product_translations VALUES('828','711','English','Pusti Fortified Soyabean Oil','','2022-04-04 16:31:14','2022-04-04 16:31:14');
INSERT INTO product_translations VALUES('829','710','English','Tang Orange','','2022-04-04 16:31:26','2022-04-04 16:31:26');
INSERT INTO product_translations VALUES('830','706','English','White Sugar Chini','','2022-04-04 16:34:49','2022-04-04 16:34:49');
INSERT INTO product_translations VALUES('831','701','English','Red Chira','','2022-04-04 16:34:59','2022-04-04 16:34:59');
INSERT INTO product_translations VALUES('832','700','English','Deshi Big Cock','','2022-04-04 16:35:12','2022-04-04 16:35:12');
INSERT INTO product_translations VALUES('833','699','English','Teer White Flour Maida','','2022-04-04 16:35:28','2022-04-04 16:35:28');
INSERT INTO product_translations VALUES('834','698','English','ACI Pure White Flour','','2022-04-04 16:36:03','2022-04-04 16:36:03');
INSERT INTO product_translations VALUES('835','697','English','Pabda Fish 30 G','','2022-04-04 16:36:21','2022-04-04 16:36:21');
INSERT INTO product_translations VALUES('836','696','English','Ispahani Blender SChoice Black Tea','','2022-04-04 16:38:28','2022-04-04 16:38:28');
INSERT INTO product_translations VALUES('837','695','English','Kaski Fish 30g','','2022-04-04 16:38:47','2022-04-04 16:38:47');
INSERT INTO product_translations VALUES('838','694','English','Batasi Fish 1 250g 50g-','','2022-04-04 16:39:03','2022-04-04 16:39:03');
INSERT INTO product_translations VALUES('839','693','English','Baila Fish','','2022-04-04 16:39:12','2022-04-04 16:39:12');
INSERT INTO product_translations VALUES('840','692','English','Bashundhara Kitchen Tissue','','2022-04-04 16:39:28','2022-04-04 16:39:28');
INSERT INTO product_translations VALUES('841','691','English','Suresh Pure Mustard Oil','','2022-04-04 16:39:42','2022-04-04 16:39:42');
INSERT INTO product_translations VALUES('842','690','English','Sugar','','2022-04-04 16:39:48','2022-04-04 16:39:48');
INSERT INTO product_translations VALUES('843','689','English','Fresh Soyabean Oil','','2022-04-04 16:40:00','2022-04-04 16:40:00');
INSERT INTO product_translations VALUES('844','688','English','Dubli Boot','','2022-04-04 16:40:08','2022-04-04 16:40:08');
INSERT INTO product_translations VALUES('845','687','English','Khesari Dal','','2022-04-04 16:40:15','2022-04-04 16:40:15');
INSERT INTO product_translations VALUES('846','686','English','Ghani Vangga Mustard Oil Shorisher Tel','','2022-04-04 16:42:34','2022-04-04 16:42:34');
INSERT INTO product_translations VALUES('847','685','English','Ghee','','2022-04-04 16:42:40','2022-04-04 16:42:40');
INSERT INTO product_translations VALUES('848','684','English','Bagda Chingri Medium Size','','2022-04-04 16:43:02','2022-04-04 16:43:02');
INSERT INTO product_translations VALUES('849','683','English','Live Cock Chicken','','2022-04-04 16:43:14','2022-04-04 16:43:14');
INSERT INTO product_translations VALUES('850','682','English','Broiler Live Chicken Murgi','','2022-04-04 16:43:32','2022-04-04 16:43:32');
INSERT INTO product_translations VALUES('851','681','English','Nirala Ball Laundry Soap','','2022-04-04 16:43:46','2022-04-04 16:43:46');
INSERT INTO product_translations VALUES('852','680','English','Jet Classic Detergent Powder Paper Pack','','2022-04-04 16:44:06','2022-04-04 16:44:06');
INSERT INTO product_translations VALUES('853','679','English','Cussons Imperial Leather Classic Soap','','2022-04-04 16:44:22','2022-04-04 16:44:22');
INSERT INTO product_translations VALUES('854','678','English','Mr. Noodles Magic Masala Easy Instant','','2022-04-04 16:44:51','2022-04-04 16:44:51');
INSERT INTO product_translations VALUES('855','677','English','Tang Orange Instant Drink Powder','','2022-04-04 16:45:07','2022-04-04 16:45:07');
INSERT INTO product_translations VALUES('856','734','English','ACI Pure Flour (Atta)','','2022-04-05 09:49:29','2022-04-05 09:49:29');
INSERT INTO product_translations VALUES('857','735','English','ACI Pure Flour (Atta)','','2022-04-05 09:50:38','2022-04-05 09:50:38');
INSERT INTO product_translations VALUES('858','736','English','ACI Pure White Flour (Maida)','','2022-04-05 09:54:24','2022-04-05 09:54:24');
INSERT INTO product_translations VALUES('859','737','English','ACI Pure White Flour (Maida)','','2022-04-05 09:55:11','2022-04-05 09:55:11');
INSERT INTO product_translations VALUES('860','738','English','ACI Pure Salt','','2022-04-05 09:56:43','2022-04-05 09:56:43');
INSERT INTO product_translations VALUES('861','739','English','ACI Pure Suji','','2022-04-05 10:03:24','2022-04-05 10:03:24');
INSERT INTO product_translations VALUES('862','740','English','ACI Pure Brown Flour (atta)','','2022-04-05 10:05:10','2022-04-05 10:07:00');
INSERT INTO product_translations VALUES('863','741','English','Tata Tea Tetley Premium Leaf','','2022-04-05 10:15:28','2022-04-05 10:15:28');
INSERT INTO product_translations VALUES('864','742','English','Tata Tea Tetley Premium Leaf','','2022-04-05 10:16:31','2022-04-05 10:16:31');
INSERT INTO product_translations VALUES('868','746','English','Aftab Aloo Puri','','2022-04-05 14:59:26','2022-04-05 14:59:26');
INSERT INTO product_translations VALUES('869','747','English','Aftab Dal Puri','','2022-04-05 15:02:15','2022-04-05 15:02:15');
INSERT INTO product_translations VALUES('870','748','English','Aftab Chicken Burger Patty','','2022-04-05 15:04:49','2022-04-05 15:04:49');
INSERT INTO product_translations VALUES('871','749','English','Aftab Chicken Nugget','','2022-04-05 15:08:14','2022-04-05 15:08:14');
INSERT INTO product_translations VALUES('872','750','English','Aftab Chicken Kids Nugget','','2022-04-05 15:10:12','2022-04-05 15:10:12');
INSERT INTO product_translations VALUES('873','751','English','Aftab Chicken Mini Nugget','','2022-04-05 15:11:58','2022-04-05 15:11:58');
INSERT INTO product_translations VALUES('874','752','English','Aftab Chicken Tandoori Nugget','','2022-04-05 15:14:34','2022-04-05 15:14:34');
INSERT INTO product_translations VALUES('875','753','English','Tata Tea Tetley Premium Leaf','','2022-04-05 15:47:04','2022-04-05 15:47:04');
INSERT INTO product_translations VALUES('882','760','English','Moshur Dal Premium','','2022-04-05 16:09:28','2022-04-05 16:09:28');
INSERT INTO product_translations VALUES('883','761','English','PRAN Aromatic Chinigura Premium Rice','','2022-04-05 16:54:44','2022-04-05 16:54:44');
INSERT INTO product_translations VALUES('884','762','English','Aftab Potato Wedges','','2022-04-06 09:38:14','2022-04-06 09:38:14');
INSERT INTO product_translations VALUES('885','763','English','Aftab Chicken Drumstick Skin On ( 50 gm)','','2022-04-06 10:04:04','2022-04-06 10:17:25');
INSERT INTO product_translations VALUES('886','764','English','Aftab Chicken Breast Boneless Skinless ( 50 gm)','','2022-04-06 10:11:58','2022-04-06 10:14:05');
INSERT INTO product_translations VALUES('887','765','English','Aftab 14pcs Cut Whole Chicken ( 50 gm)','','2022-04-06 10:26:01','2022-04-06 10:26:01');
INSERT INTO product_translations VALUES('888','766','English','Aftab Whole Dressed Chicken Skin On ( 50 gm)','','2022-04-06 10:44:56','2022-04-06 10:44:56');
INSERT INTO product_translations VALUES('889','767','English','Aftab Chicken Popcorn','','2022-04-06 10:48:13','2022-04-06 10:48:13');
INSERT INTO product_translations VALUES('890','768','English','Aftab Potato French Fry','','2022-04-06 10:54:05','2022-04-06 10:54:05');
INSERT INTO product_translations VALUES('891','769','English','Aftab Potato French Fry','','2022-04-06 10:59:14','2022-04-06 10:59:14');
INSERT INTO product_translations VALUES('892','770','English','Aftab Chicken Singara','','2022-04-06 11:06:26','2022-04-06 11:06:26');
INSERT INTO product_translations VALUES('893','771','English','Aftab Chicken Samosa','','2022-04-06 11:21:31','2022-04-06 11:21:31');
INSERT INTO product_translations VALUES('894','772','English','Aftab Chicken Samosa','','2022-04-06 11:27:56','2022-04-06 11:27:56');
INSERT INTO product_translations VALUES('895','773','English','Aftab Chicken Tandoori Nugget','','2022-04-06 11:38:43','2022-04-06 11:38:43');
INSERT INTO product_translations VALUES('896','774','English','Aftab Fried Chicken Drumstick','','2022-04-06 11:50:40','2022-04-06 11:50:40');
INSERT INTO product_translations VALUES('897','775','English','Aftab Fried Chicken Wings','','2022-04-06 11:57:12','2022-04-06 11:58:30');
INSERT INTO product_translations VALUES('898','776','English','Aftab Dressed Bird Broiler ( 100 gm)','','2022-04-06 12:19:16','2022-04-06 12:19:16');
INSERT INTO product_translations VALUES('899','777','English','Diploma Full Cream Milk Powder','','2022-04-06 12:50:53','2022-04-06 12:50:53');
INSERT INTO product_translations VALUES('900','778','English','Dano Power Instant Full Cream Milk Powder','','2022-04-06 12:55:48','2022-04-06 12:55:48');
INSERT INTO product_translations VALUES('901','779','English','Aftab Chicken Potato Chop','','2022-04-06 14:23:10','2022-04-06 14:23:10');
INSERT INTO product_translations VALUES('902','780','English','Whole Dressed Chicken Skinless ( 100 gm)','','2022-04-06 14:33:22','2022-04-06 14:33:22');
INSERT INTO product_translations VALUES('903','781','English','Aftab Dal Puri','','2022-04-06 15:13:04','2022-04-06 15:13:04');
INSERT INTO product_translations VALUES('904','782','English','Aftab Chicken Spring Roll','','2022-04-06 15:15:36','2022-04-06 15:15:36');
INSERT INTO product_translations VALUES('907','785','English','Aftab chicken nugget','','2022-04-07 10:21:55','2022-04-07 10:21:55');
INSERT INTO product_translations VALUES('908','786','English','Aftab Chicken Kids Nugget','','2022-04-07 10:24:23','2022-04-07 10:24:23');
INSERT INTO product_translations VALUES('909','787','English','Aftab Chicken Mini Nugget','','2022-04-07 10:26:37','2022-04-07 10:26:37');
INSERT INTO product_translations VALUES('912','790','English','Aftab Chicken Burger Patty','','2022-04-07 10:37:58','2022-04-07 10:37:58');
INSERT INTO product_translations VALUES('913','791','English','Aftab Chicken Popcorn','','2022-04-07 10:56:13','2022-04-07 10:56:13');
INSERT INTO product_translations VALUES('914','792','English','Aftab Chicken Shami Kabab','','2022-04-07 11:40:40','2022-04-07 11:40:40');
INSERT INTO product_translations VALUES('915','793','English','Aftab Fried Chicken Drumstick','','2022-04-07 11:54:20','2022-04-07 11:54:20');
INSERT INTO product_translations VALUES('918','796','English','Aftab Fried Chicken Wings','','2022-04-07 11:57:14','2022-04-07 11:57:14');
INSERT INTO product_translations VALUES('919','797','English','Aftab Chicken Lollipop','','2022-04-07 12:00:53','2022-04-07 12:05:35');
INSERT INTO product_translations VALUES('920','798','English','Aftab Chicken Lollipop','','2022-04-07 12:04:49','2022-04-07 12:04:49');
INSERT INTO product_translations VALUES('922','800','English','Aftab Chicken Chips','','2022-04-07 12:22:05','2022-04-07 12:22:05');
INSERT INTO product_translations VALUES('923','801','English','Aftab Chicken Shami Kabab','','2022-04-07 12:27:28','2022-04-07 12:27:28');



DROP TABLE IF EXISTS products;

CREATE TABLE `products` (
  `id` bigint(20) unsigned NOT NULL AUTO_INCREMENT,
  `category_id` bigint(20) unsigned DEFAULT NULL,
  `unit_id` bigint(20) unsigned DEFAULT NULL,
  `unit_number` decimal(10,2) NOT NULL,
  `slug` varchar(191) COLLATE utf8mb4_unicode_ci NOT NULL,
  `op_name` varchar(255) COLLATE utf8mb4_unicode_ci DEFAULT NULL,
  `price` decimal(10,2) unsigned NOT NULL,
  `special_price` decimal(10,2) unsigned DEFAULT NULL,
  `in_stock` tinyint(1) NOT NULL,
  `viewed` bigint(20) unsigned NOT NULL DEFAULT 0,
  `is_active` tinyint(1) NOT NULL,
  `thumbnail` varchar(191) COLLATE utf8mb4_unicode_ci DEFAULT NULL,
  `banner` varchar(191) COLLATE utf8mb4_unicode_ci DEFAULT NULL,
  `product_type` varchar(20) COLLATE utf8mb4_unicode_ci NOT NULL DEFAULT 'general',
  `stock` varchar(255) COLLATE utf8mb4_unicode_ci DEFAULT NULL,
  `xitem` varchar(15) COLLATE utf8mb4_unicode_ci DEFAULT NULL,
  `s_key` text COLLATE utf8mb4_unicode_ci DEFAULT NULL,
  `created_at` timestamp NULL DEFAULT NULL,
  `updated_at` timestamp NULL DEFAULT NULL,
  PRIMARY KEY (`id`),
  KEY `products_category_id_foreign` (`category_id`),
  CONSTRAINT `products_category_id_foreign` FOREIGN KEY (`category_id`) REFERENCES `categories` (`id`) ON DELETE CASCADE
) ENGINE=InnoDB AUTO_INCREMENT=802 DEFAULT CHARSET=utf8mb4 COLLATE=utf8mb4_unicode_ci;

INSERT INTO products VALUES('246','57','43','35.00','radhuni-roast-masala','   ','70.00','','1','0','1','164673407862272afea3518.jpg','','general','0','IC--000246','','2022-01-25 01:17:39','2022-03-08 02:10:48');
INSERT INTO products VALUES('258','57','43','45.00','dhakaiya-chicken-meat-masala','    ','60.00','','1','0','1','16443885116203609fe4939.jpg','','general','0','IC--000258','','2022-01-25 01:28:25','2022-03-14 22:11:13');
INSERT INTO products VALUES('387','57','43','50.00','aci-pure-turmeric-powder','   ','28.00','','1','0','1','164387989161fb9dd338a19.jpg','','general','0','IC--000387','','2022-02-03 01:18:11','2022-03-08 02:20:11');
INSERT INTO products VALUES('388','57','43','100.00','aci-pure-turmeric-powder','   ','50.00','','1','0','1','164387997361fb9e25a2337.jpg','','general','0','IC--000388','','2022-02-03 01:19:33','2022-03-08 02:20:24');
INSERT INTO products VALUES('389','57','43','200.00','aci-pure-turmeric-powder','   ','95.00','','1','0','1','164388017161fb9eebf2734.jpg','','general','0','IC--000389','','2022-02-03 01:22:52','2022-02-08 22:32:29');
INSERT INTO products VALUES('390','57','43','500.00','aci-pure-turmeric-powder','   ','200.00','','1','0','1','164388022361fb9f1fd4318.jpg','','general','0','IC--000390','','2022-02-03 01:23:43','2022-03-14 21:30:09');
INSERT INTO products VALUES('391','57','43','50.00','aci-pure-powdered-chilli','   ','30.00','','1','0','1','164388052461fba04c0e973.jpg','','general','0','IC--000391','','2022-02-03 01:28:44','2022-03-08 02:12:44');
INSERT INTO products VALUES('392','57','43','100.00','aci-pure-powdered-chilli','   ','53.00','','1','0','1','164388059661fba094637b2.jpg','','general','0','IC--000392','','2022-02-03 01:29:56','2022-03-08 02:13:19');
INSERT INTO products VALUES('393','57','43','200.00','aci-pure-powdered-chilli','   ','100.00','','1','0','1','164388064761fba0c794697.jpg','','general','0','IC--000393','','2022-02-03 01:30:47','2022-03-08 02:11:56');
INSERT INTO products VALUES('394','57','43','500.00','aci-pure-powdered-chilli','   ','245.00','','1','0','1','164388069061fba0f20bc79.jpg','','general','0','IC--000394','','2022-02-03 01:31:30','2022-03-08 02:13:00');
INSERT INTO products VALUES('395','57','43','50.00','aci-pure-coriander','   ','20.00','','1','0','1','164388086161fba19d37635.jpg','','general','0','IC--000395','','2022-02-03 01:34:21','2022-03-08 02:16:45');
INSERT INTO products VALUES('396','57','43','200.00','aci-pure-coriander-zira-gura-','   -','75.00','','1','0','1','16443863786203584aac6e7.jpg','','general','0','IC--000396','','2022-02-03 01:38:06','2022-03-08 02:17:02');
INSERT INTO products VALUES('398','57','43','100.00','aci-pure-coriander-jar-zira-gura-','   ','35.00','','1','0','1','164438635562035833a9c97.jpg','','general','0','IC--000398','','2022-02-03 01:44:00','2022-03-08 02:16:52');
INSERT INTO products VALUES('399','57','43','50.00','aci-pure-cumin-powder-zira-gura-','   ','43.00','','1','0','1','164388167061fba4c6b344c.png','','general','0','IC--000399','','2022-02-03 01:47:50','2022-03-08 02:17:58');
INSERT INTO products VALUES('400','57','43','100.00','aci-pure-cumin-zira-gura-','   ','82.00','','1','0','1','164388178161fba5358e3b1.png','','general','0','IC--000400','','2022-02-03 01:49:41','2022-03-08 02:18:13');
INSERT INTO products VALUES('401','57','43','200.00','aci-pure-cumin-jar-zira-gura-','    ','170.00','','1','0','1','164388206561fba651b5ec7.jpg','','general','0','IC--000401','','2022-02-03 01:54:25','2022-03-08 02:19:17');
INSERT INTO products VALUES('403','57','43','100.00','pure-meat-curry-masala','  ','65.00','','1','0','1','164388989961fbc4eb08086.jpg','','general','0','IC--000403','','2022-02-03 04:04:59','2022-03-08 02:41:52');
INSERT INTO products VALUES('404','57','43','20.00','','    ','15.00','','1','0','1','164389001361fbc55d640b5.jpg','','general','0','IC--000404','','2022-02-03 04:06:53','2022-03-08 00:57:37');
INSERT INTO products VALUES('405','57','43','20.00','pure-beef-curry-masala','    ','18.00','','1','0','1','164432468962026751818c6.jpg','','general','0','IC--000405','','2022-02-03 04:09:36','2022-03-08 00:55:57');
INSERT INTO products VALUES('406','57','43','20.00','pure-fish-curry','   ','10.00','','1','0','1','164389030161fbc67dece7d.jpg','','general','0','IC--000406','','2022-02-03 04:11:42','2022-03-08 01:01:34');
INSERT INTO products VALUES('409','57','43','50.00','chotpoti-masala','   ','40.00','','1','0','1','164406234261fe668679bee.jpg','','general','0','IC--000409','','2022-02-05 03:59:02','2022-03-08 01:24:48');
INSERT INTO products VALUES('410','57','43','50.00','pachforon','','22.00','','1','0','1','164406339361fe6aa1a1eeb.jpg','','general','0','IC--000410','','2022-02-05 04:16:33','2022-02-08 22:28:11');
INSERT INTO products VALUES('411','57','43','200.00','fun-fresh-fry','   ','40.00','','1','0','0','164406356361fe6b4b62b55.PNG','','general','0','IC--000411','','2022-02-05 04:19:23','2022-03-15 00:38:24');
INSERT INTO products VALUES('412','57','43','40.00','tehari-masala','   ','45.00','','1','0','1','164406358661fe6b6260198.jpg','','general','0','IC--000412','','2022-02-05 04:19:46','2022-03-08 01:23:09');
INSERT INTO products VALUES('413','57','43','65.00','aci-pure-mezbani-masala','   ','70.00','','1','0','1','164406372861fe6bf06605e.jpg','','general','0','IC--000413','','2022-02-05 04:22:08','2022-03-08 01:09:19');
INSERT INTO products VALUES('414','57','43','50.00','aci-kabab-masala',' ','90.00','','1','0','1','164406380861fe6c40928f7.jpg','','general','0','IC--000414','','2022-02-05 04:23:28','2022-03-08 01:06:39');
INSERT INTO products VALUES('415','54','43','14.00','fun-cup-cake-butter-','   ','5.00','','1','0','1','164406387361fe6c812b7da.jpg','','general','0','IC--000415','','2022-02-05 04:24:33','2022-03-08 01:34:32');
INSERT INTO products VALUES('416','57','43','50.00','pure-garam-masala','   ','55.00','','1','0','1','164406393361fe6cbd11cda.jpg','','general','0','IC--000416','','2022-02-05 04:25:33','2022-03-14 21:52:21');
INSERT INTO products VALUES('417','109','43','150.00','pure-kheer-mix','   ','40.00','','1','0','1','164406410861fe6d6cd8126.jpg','','general','0','IC--000417','','2022-02-05 04:28:28','2022-03-09 21:42:48');
INSERT INTO products VALUES('418','30','43','400.00','pure-mango-pickle','   ','135.00','','1','0','1','1647080238622c732e8e214.jpg','','general','0','IC--000418','','2022-02-05 04:29:12','2022-03-12 03:02:43');
INSERT INTO products VALUES('419','109','43','200.00','pure-halim-mix','  ','55.00','','1','0','1','164406418361fe6db7db9b4.jpeg','','general','0','IC--000419','','2022-02-05 04:29:43','2022-03-09 21:40:21');
INSERT INTO products VALUES('429','113','43','125.00','aci-savlon-active-antiseptic-soap','      ','60.00','','1','0','1','16444819566204cda49f2bd.jpg','','general','0','IC--000429','','2022-02-10 00:32:36','2022-02-10 00:48:22');
INSERT INTO products VALUES('430','8','46','1000.00','aci-savlon-liquid-antiseptic','   ','220.00','','1','0','1','16444821676204ce77cbd2b.jpeg','','general','0','IC--000430','','2022-02-10 00:36:07','2022-02-10 00:36:07');
INSERT INTO products VALUES('431','8','46','500.00','aci-savlon-liquid-antiseptic','   ','125.00','','1','0','1','16444823186204cf0e84747.jpeg','','general','0','IC--000431','','2022-02-10 00:38:38','2022-02-10 00:38:38');
INSERT INTO products VALUES('432','114','43','125.00','wheel-laundry-soap','  ','22.00','','1','0','1','16444830746204d2026af7e.webp','','general','0','IC--000432','','2022-02-10 00:51:14','2022-03-08 03:05:00');
INSERT INTO products VALUES('433','115','41','2.00','wheel-powder-clean-fresh','    ','220.00','','1','0','1','16444937866204fbda0a2d2.jpg','','general','0','IC--000433','','2022-02-10 03:42:10','2022-03-08 03:05:35');
INSERT INTO products VALUES('434','115','41','1.00','wheel-powder-clean-fresh','    ','105.00','','1','0','1','16444936186204fb321e209.jpg','','general','0','IC--000434','','2022-02-10 03:45:02','2022-03-08 03:05:22');
INSERT INTO products VALUES('435','115','43','500.00','wheel-powder-clean-fresh','    ','52.00','','1','0','1','16444936996204fb8355976.jpg','','general','0','IC--000435','','2022-02-10 03:46:34','2022-03-08 03:05:14');
INSERT INTO products VALUES('436','115','46','400.00','rin-liquid',' ','90.00','','1','0','1','16444941426204fd3ec2216.jpg','','general','0','IC--000436','','2022-02-10 03:55:42','2022-03-08 02:57:53');
INSERT INTO products VALUES('437','115','43','500.00','rin-standard-powder','  ','70.00','','1','0','1','16444943176204fded93d6d.jpeg','','general','0','IC--000437','','2022-02-10 03:58:37','2022-03-08 02:58:07');
INSERT INTO products VALUES('438','115','41','1.00','rin-standard-powder','  ','135.00','','1','0','1','16444943616204fe1921076.jpeg','','general','0','IC--000438','','2022-02-10 03:59:21','2022-03-08 02:58:16');
INSERT INTO products VALUES('439','74','47','5.00','lifebuoy-liquid-handwash','  ','1100.00','','1','0','1','16444943676204fe1fe4454.jpg','','general','0','IC--000439','','2022-02-10 03:59:27','2022-03-08 02:48:12');
INSERT INTO products VALUES('440','115','43','200.00','surf-excel-standard-powder','   ','40.00','','1','0','1','16444945176204feb5bf6a9.jpg','','general','0','IC--000440','','2022-02-10 04:01:57','2022-03-08 03:00:41');
INSERT INTO products VALUES('441','115','41','1.00','surf-excel-standard-powder','   ','210.00','','1','0','1','16444947436204ff9758852.jpg','','general','0','IC--000441','','2022-02-10 04:05:43','2022-02-10 04:05:43');
INSERT INTO products VALUES('442','115','46','500.00','surf-exce-quick-qash-liquid','    ','160.00','','1','0','1','1644494870620500161dea0.jpg','','general','0','IC--000442','','2022-02-10 04:07:50','2022-03-08 02:59:42');
INSERT INTO products VALUES('443','115','43','500.00','surf-excel-standard-powder','   ','105.00','','1','0','1','16444949616205007111385.jpg','','general','0','IC--000443','','2022-02-10 04:09:21','2022-03-08 03:00:15');
INSERT INTO products VALUES('444','115','43','50.00','surf-excel-standard-powder','   ','10.00','','1','0','1','1644495036620500bc09bf1.jpg','','general','0','IC--000444','','2022-02-10 04:10:36','2022-03-08 03:00:28');
INSERT INTO products VALUES('445','74','46','100.00','lifebuoy-liquid-handwash-lemon','   ','35.00','','1','0','1','1644495300620501c47af35.jpg','','general','0','IC--000445','','2022-02-10 04:15:00','2022-03-08 02:48:44');
INSERT INTO products VALUES('446','74','46','250.00','lifebuoy-liquid-handwash','  ','85.00','','1','0','1','1646815473622868f1c4c15.jpg','','general','0','IC--000446','lifebuoy','2022-02-10 04:16:26','2022-04-02 04:04:19');
INSERT INTO products VALUES('447','74','46','170.00','lifebuoy-liquid-handwash-cool-fresh','    ','60.00','','1','0','1','1644495612620502fc850dd.png','','general','0','IC--000447','','2022-02-10 04:20:12','2022-03-08 02:49:48');
INSERT INTO products VALUES('448','113','43','30.00','lifebuoy-bar-lemon-fresh','   ','10.00','','1','0','1','164449575162050387d9564.webp','','general','0','IC--000448','','2022-02-10 04:22:32','2022-03-08 02:49:34');
INSERT INTO products VALUES('449','113','43','150.00','lifebuoy-bar-care','   ','55.00','','1','0','1','1644496086620504d63fbd2.jpg','','general','0','IC--000449','','2022-02-10 04:28:06','2022-03-08 02:54:50');
INSERT INTO products VALUES('450','113','43','100.00','lifebuoy-skin-bar','  ','38.00','','1','0','1','164449623162050567c8053.jpg','','general','0','IC--000450','','2022-02-10 04:30:31','2022-03-08 02:53:35');
INSERT INTO products VALUES('451','113','43','100.00','lifebuoy-skin-bar-care','   ','38.00','','1','0','1','1644496328620505c813669.jpg','','general','0','IC--000451','','2022-02-10 04:32:08','2022-03-08 02:50:47');
INSERT INTO products VALUES('452','113','43','150.00','lifebuoy-skin-bar','  ','55.00','','1','0','1','1644496351620505df88eff.jpeg','','general','0','IC--000452','','2022-02-10 04:32:31','2022-03-08 02:53:56');
INSERT INTO products VALUES('453','113','43','100.00','lux-bar-camelia-and-aloe-vera','    ','40.00','','1','0','1','1644496562620506b294409.jpg','','general','0','IC--000453','','2022-02-10 04:36:02','2022-02-10 04:36:02');
INSERT INTO products VALUES('454','113','43','50.00','dove-skin-cleansing-bar','    ','50.00','','1','0','1','16446569586207793e98e4a.jpg','','general','0','IC--000454','','2022-02-12 01:09:19','2022-03-08 02:47:40');
INSERT INTO products VALUES('455','113','43','100.00','dove-skin-cleansing-bar-pink','     ','95.00','','1','0','1','1644657075620779b3dafe6.jpg','','general','0','IC--000455','','2022-02-12 01:11:15','2022-03-08 02:47:03');
INSERT INTO products VALUES('456','113','43','100.00','dove-skin-cleansing-bar-white','    ','95.00','','1','0','1','164465717762077a19b888d.jpg','','general','0','IC--000456','','2022-02-12 01:12:57','2022-03-08 02:45:39');
INSERT INTO products VALUES('457','113','43','135.00','dove-skin-cleansing-bar-pink','     ','125.00','','1','0','1','164465723662077a540951f.jpg','','general','0','IC--000457','','2022-02-12 01:13:56','2022-03-08 02:45:34');
INSERT INTO products VALUES('458','113','43','100.00','glow-and-lovely-bar-multivitamin','     ','40.00','','1','0','1','164465766362077bff38f16.jpg','','general','0','IC--000458','','2022-02-12 01:21:03','2022-02-12 01:21:03');
INSERT INTO products VALUES('459','113','43','100.00','glow-lovely-bar-multani-mati','      ','40.00','','1','0','1','164465786262077cc66d62a.jpg','','general','0','IC--000459','','2022-02-12 01:24:22','2022-02-12 01:24:22');
INSERT INTO products VALUES('460','88','43','125.00','vim-bar-ice-hockey','   ','15.00','','1','0','1','1644659049620781699b815.jpg','','general','0','IC--000460','','2022-02-12 01:44:09','2022-03-08 03:04:45');
INSERT INTO products VALUES('461','88','43','300.00','vim-bar-ice-hockey','   ','35.00','','1','0','1','1644659145620781c9cba98.jpg','','general','0','IC--000461','','2022-02-12 01:45:45','2022-03-08 03:03:49');
INSERT INTO products VALUES('462','116','43','200.00','brooke-bond-taaza-black-tea','    ','100.00','','1','0','1','16446600916207857b1e001.png','','general','0','IC--000462','','2022-02-12 02:01:31','2022-02-12 02:01:31');
INSERT INTO products VALUES('463','116','43','400.00','brooke-bond-taaza-black-tea','    ','199.00','','1','0','1','1644660131620785a3af95c.png','','general','0','IC--000463','','2022-02-12 02:02:11','2022-02-12 02:02:11');
INSERT INTO products VALUES('464','116','44','1.00','brooke-bond-taaza-tea-bag','     ','85.00','','1','0','1','1644660422620786c6cb641.jpg','','general','0','IC--000464','','2022-02-12 02:07:02','2022-03-08 03:03:22');
INSERT INTO products VALUES('465','34','43','31.00','knorr-hot-and-sour-chicken-soup','     ','40.00','','1','0','1','16446608076207884716dcd.png','','general','0','IC--000465','','2022-02-12 02:13:27','2022-02-12 02:13:27');
INSERT INTO products VALUES('466','34','43','12.00','knorr-instant-cup-thai-soup','    ','20.00','','1','0','1','1644661201620789d1c052e.webp','','general','0','IC--000466','','2022-02-12 02:20:01','2022-02-12 02:20:01');
INSERT INTO products VALUES('467','34','43','28.00','knorr-soup-thai','  ','40.00','','1','0','1','164466129262078a2c75d37.webp','','general','0','IC--000467','','2022-02-12 02:21:32','2022-02-12 02:21:32');
INSERT INTO products VALUES('468','109','43','75.00','knorr-crispy-fried-chicken-mix','    ','70.00','','1','0','1','164466157962078b4b346c5.jpg','','general','0','IC--000468','','2022-02-12 02:26:19','2022-03-09 21:42:13');
INSERT INTO products VALUES('469','117','46','180.00','sunsilk-shampoo-hijab-recharge','   ','215.00','','1','0','1','164466188662078c7e9f8be.jpg','','general','0','IC--000469','','2022-02-12 02:31:26','2022-03-08 02:59:14');
INSERT INTO products VALUES('470','117','46','180.00','sunsilk-shampoo-stunning-black-shine','    ','195.00','','1','0','1','16474329906231d51e2afb9.jpg','','general','0','IC--000470','','2022-02-12 02:34:33','2022-03-16 04:16:30');
INSERT INTO products VALUES('471','117','46','180.00','clear-hijab-anti-limp-shampoo','    ','210.00','','1','0','1','164466249362078edd80987.jpg','','general','0','IC--000471','','2022-02-12 02:41:33','2022-03-08 02:44:03');
INSERT INTO products VALUES('472','120','46','145.00','closeup-toothpaste-cool-mint','   ','120.00','','1','0','1','1644662803620790137ab70.jpg','','general','0','IC--000472','','2022-02-12 02:45:56','2022-03-08 22:37:17');
INSERT INTO products VALUES('473','120','43','140.00','pepsodent-sensitive-expert-professional','    ','180.00','','1','0','1','1644663758620793cee1177.png','','general','0','IC--000473','','2022-02-12 03:02:39','2022-03-08 22:36:47');
INSERT INTO products VALUES('499','117','46','170.00','dove-shampoo-healthy-grow','   ','220.00','','1','0','1','1646727364622710c4bb026.jpeg','','general','0','IC--000499','','2022-03-08 00:16:04','2022-03-08 02:47:50');
INSERT INTO products VALUES('500','74','46','245.00','lux-handwash-rose-and-almond-oil','     ','150.00','','1','0','1','1646729131622717abeec99.jpg','','general','0','IC--000500','','2022-03-08 00:45:32','2022-03-08 00:45:32');
INSERT INTO products VALUES('501','56','41','1.00','aci-pure-aromatic-broken-rice','    ','70.00','','1','0','1','1646729646622719ae393a0.webp','','general','0','IC--000501','','2022-03-08 00:54:06','2022-03-08 01:09:06');
INSERT INTO products VALUES('502','113','43','100.00','lux-soap-bar-soft-glow','    ','45.00','','1','0','1','1646729679622719cf498e4.jpg','','general','0','IC--000502','lux','2022-03-08 00:54:39','2022-04-02 02:35:50');
INSERT INTO products VALUES('503','39','43','300.00','aci-pure-plain-toast','','60.00','','1','0','1','164673121862271fd26d903.jpg','','general','0','IC--000503','','2022-03-08 01:20:18','2022-03-15 00:37:09');
INSERT INTO products VALUES('504','58','46','80.00','aci-pure-mustard-oil','   ','30.00','','1','0','1','16473337696230518949515.jpg','','general','0','IC--000504','','2022-03-08 01:22:40','2022-03-20 04:03:18');
INSERT INTO products VALUES('505','58','46','200.00','aci-pure-mustard-oil','   ','85.00','','1','0','1','16473334586230505259cea.jpg','','general','0','IC--000505','','2022-03-08 01:23:58','2022-03-20 04:06:22');
INSERT INTO products VALUES('506','58','46','500.00','aci-pure-mustard-oil','   ','150.00','','1','0','1','164733395262305240e1d76.jpg','','general','0','IC--000506','','2022-03-08 01:24:57','2022-03-20 04:00:09');
INSERT INTO products VALUES('507','36','43','130.00','fun-chanachur-hot-spicy','    ','35.00','','1','0','1','16467325746227251e06890.jpg','','general','0','IC--000507','chanachur','2022-03-08 01:42:54','2022-04-02 21:12:45');
INSERT INTO products VALUES('508','36','43','280.00','fun-chanachur-hot-and-spicy','    ','75.00','','1','0','1','16467328906227265a639cb.jpg','','general','0','IC--000508','chanachur','2022-03-08 01:48:10','2022-04-02 21:13:38');
INSERT INTO products VALUES('509','33','43','150.00','aci-thai-noodles-oriental-thai','    ','35.00','','1','0','1','1646733488622728b0b29cc.jpg','','general','0','IC--000509','','2022-03-08 01:58:08','2022-03-08 01:58:08');
INSERT INTO products VALUES('511','90','46','250.00','aci-aerosol-spray','  ','205.00','','1','0','1','164680806762284c032d616.jpg','','general','0','IC--000511','','2022-03-08 22:18:42','2022-03-19 20:43:47');
INSERT INTO products VALUES('514','90','46','350.00','aci-aerosol-spray','  ','275.00','','1','0','1','164680822162284c9dc84f4.jpeg','','general','0','IC--000514','','2022-03-08 22:43:41','2022-03-19 20:43:10');
INSERT INTO products VALUES('515','90','46','475.00','aci-aerosol-spray','  ','335.00','','1','0','1','164680826562284cc97cc48.png','','general','0','IC--000515','','2022-03-08 22:44:25','2022-03-19 20:42:40');
INSERT INTO products VALUES('516','90','46','800.00','aci-aerosol-spray','  ','495.00','','1','0','1','164680862262284e2e223a2.jpg','','general','0','IC--000516','','2022-03-08 22:49:19','2022-03-19 20:42:16');
INSERT INTO products VALUES('517','120','43','100.00','aci-colgate-active-salt','   ','90.00','','1','0','1','164680895362284f79aeb95.png','','general','0','IC--000517','','2022-03-08 22:55:53','2022-03-19 20:44:31');
INSERT INTO products VALUES('518','120','43','200.00','aci-colgate-active-salt','   ','160.00','','1','0','1','164680906462284fe8424c3.png','','general','0','IC--000518','','2022-03-08 22:57:44','2022-03-19 20:45:05');
INSERT INTO products VALUES('519','113','43','100.00','neem-original-olive-aloe-vera-soap','     (  ) ','42.00','','1','0','1','1646809248622850a02cdd3.jpg','','general','0','IC--000519','','2022-03-08 23:00:48','2022-03-19 20:45:44');
INSERT INTO products VALUES('520','56','41','1.00','nazirshail-rice','  ','74.00','','1','0','1','164680940162285139a36eb.webp','','general','0','IC--000520','','2022-03-08 23:03:21','2022-03-19 20:40:25');
INSERT INTO products VALUES('521','56','41','1.00','miniket-rice','  ','68.00','','1','0','1','1646809476622851849dbcb.webp','','general','0','IC--000521','','2022-03-08 23:04:36','2022-03-19 20:41:33');
INSERT INTO products VALUES('523','88','46','500.00','vim-liquid-dishwash','  ','110.00','','1','0','1','164681679862286e1eee37e.jpg','','general','0','IC--000523','','2022-03-09 01:06:39','2022-03-09 01:14:40');
INSERT INTO products VALUES('524','33','43','180.00','aci-pure-tandoori-stick-noodles','    ','20.00','','1','0','1','164681714062286f74e50aa.jpg','','general','0','IC--000524','','2022-03-09 01:12:20','2022-03-20 21:37:56');
INSERT INTO products VALUES('525','57','43','100.00','radhuni-cumin-powder','  ','88.00','','1','0','1','1646887132622980dcf2f92.webp','','general','0','IC--000525','','2022-03-09 20:38:53','2022-03-14 04:54:10');
INSERT INTO products VALUES('526','57','43','100.00','radhuni-turmeric-powder','  ','50.00','','1','0','1','1646887368622981c8bf805.jpg','','general','0','IC--000526','','2022-03-09 20:42:48','2022-03-14 04:36:10');
INSERT INTO products VALUES('527','57','43','200.00','radhuni-cumin-powder','  ','170.00','','1','0','1','16468875506229827e8bad9.webp','','general','0','IC--000527','','2022-03-09 20:45:50','2022-03-09 20:45:50');
INSERT INTO products VALUES('528','57','43','200.00','radhuni-turmeric-powder','  ','95.00','','1','0','1','1646887629622982cd1b2ad.jpg','','general','0','IC--000528','','2022-03-09 20:47:09','2022-03-14 04:35:56');
INSERT INTO products VALUES('529','57','43','200.00','radhuni-cumin-powder-pet-jar','   ','175.00','','1','0','1','164688776162298351e1b42.jpg','','general','0','IC--000529','','2022-03-09 20:49:21','2022-03-14 04:54:00');
INSERT INTO products VALUES('530','57','43','200.00','radhuni-turmeric-powder-jar-','    ()','110.00','','1','0','1','16468878066229837e8c880.jpg','','general','0','IC--000530','','2022-03-09 20:50:06','2022-03-14 04:35:37');
INSERT INTO products VALUES('531','57','43','100.00','radhuni-chilli-powder','  ','53.00','','1','0','1','16468880676229848329af7.webp','','general','0','IC--000531','','2022-03-09 20:54:27','2022-03-14 04:50:08');
INSERT INTO products VALUES('532','57','43','15.00','radhuni-garam-masala','   ','28.00','','1','0','1','1646888111622984af0b89f.webp','','general','0','IC--000532','','2022-03-09 20:55:11','2022-03-09 22:26:18');
INSERT INTO products VALUES('533','57','43','200.00','radhuni-chilli-powder','  ','100.00','','1','0','1','1646888130622984c2f000d.webp','','general','0','IC--000533','','2022-03-09 20:55:31','2022-03-14 04:50:54');
INSERT INTO products VALUES('534','57','43','200.00','radhuni-chilli-powder-jar-','   ()','115.00','','1','0','1','16468882986229856ae26d7.webp','','general','0','IC--000534','','2022-03-09 20:58:18','2022-03-14 03:08:06');
INSERT INTO products VALUES('535','57','43','40.00','radhuni-garam-masala','   ','68.00','','1','0','1','1646888390622985c6de8ca.webp','','general','0','IC--000535','','2022-03-09 20:59:50','2022-03-14 04:54:46');
INSERT INTO products VALUES('536','57','43','100.00','radhuni-coriander-powder','  ','33.00','','1','0','1','1646888416622985e0e3ee0.webp','','general','0','IC--000536','','2022-03-09 21:00:16','2022-03-14 21:02:21');
INSERT INTO products VALUES('537','57','43','100.00','radhuni-meat-curry-masala','  ','65.00','','1','0','1','164688859662298694287e1.webp','','general','0','IC--000537','','2022-03-09 21:03:16','2022-03-09 21:03:16');
INSERT INTO products VALUES('538','57','43','200.00','radhuni-coriander-powder','  ','63.00','','1','0','1','1646888626622986b293976.webp','','general','0','IC--000538','','2022-03-09 21:03:46','2022-03-14 04:51:52');
INSERT INTO products VALUES('539','57','43','200.00','radhuni-coriander-powder-jar-','   ()','80.00','','1','0','1','16468887176229870d1b340.webp','','general','0','IC--000539','','2022-03-09 21:05:17','2022-03-14 04:53:07');
INSERT INTO products VALUES('540','57','43','100.00','radhuni-beef-curry-masala','   ','60.00','','1','0','1','164688896362298803851ed.jpg','','general','0','IC--000540','','2022-03-09 21:09:23','2022-03-09 21:09:23');
INSERT INTO products VALUES('541','57','43','50.00','radhuni-chicken-tandoori-masala','   ','75.00','','1','0','1','1646889134622988aea63b2.webp','','general','0','IC--000541','','2022-03-09 21:12:14','2022-03-14 05:03:53');
INSERT INTO products VALUES('542','57','43','35.00','radhuni-roast-masala','  ','60.00','','1','0','1','164688925562298927b93d7.webp','','general','0','IC--000542','','2022-03-09 21:14:15','2022-03-14 03:33:47');
INSERT INTO products VALUES('543','57','43','68.00','radhuni-mejbani-beef-masala','    ','70.00','','1','0','1','16468892916229894bd6872.jpeg','','general','0','IC--000543','','2022-03-09 21:14:51','2022-03-14 04:55:26');
INSERT INTO products VALUES('544','57','43','40.00','radhuni-biryani-masala','  ','55.00','','1','0','1','1646889378622989a2dfa1d.webp','','general','0','IC--000544','','2022-03-09 21:16:18','2022-03-14 03:31:40');
INSERT INTO products VALUES('545','57','43','40.00','radhuni-kachchi-biryani-masala','   ','60.00','','1','0','1','1646889450622989eae0ee7.webp','','general','0','IC--000545','','2022-03-09 21:17:30','2022-03-14 05:04:24');
INSERT INTO products VALUES('546','57','43','80.00','radhuni-kala-bhuna-masala','   ','70.00','','1','0','1','164688949962298a1b1420c.webp','','general','0','IC--000546','','2022-03-09 21:18:19','2022-03-14 05:02:12');
INSERT INTO products VALUES('547','57','43','40.00','radhuni-tehari-masala','  ','48.00','','1','0','1','164688954062298a4457e3b.webp','','general','0','IC--000547','','2022-03-09 21:19:00','2022-03-09 21:19:00');
INSERT INTO products VALUES('548','57','43','50.00','radhuni-chatpoti-masala','  ','52.00','','1','0','1','164688963962298aa769d0a.webp','','general','0','IC--000548','','2022-03-09 21:20:39','2022-03-09 21:20:39');
INSERT INTO products VALUES('549','57','43','100.00','radhuni-chicken-masala','   ','65.00','','1','0','1','164688967862298aced62ee.jpg','','general','0','IC--000549','','2022-03-09 21:21:18','2022-03-14 05:02:40');
INSERT INTO products VALUES('550','58','46','250.00','radhuni-pure-mustard-oil','   ','85.00','','1','0','1','164689004662298c3e105e1.webp','','general','0','IC--000550','','2022-03-09 21:27:26','2022-03-20 04:59:39');
INSERT INTO products VALUES('551','109','43','500.00','radhuni-khichuri-mix','  ','110.00','','1','0','1','164689012562298c8d6f8be.webp','','general','0','IC--000551','','2022-03-09 21:28:45','2022-03-14 05:05:00');
INSERT INTO products VALUES('552','58','46','500.00','radhuni-pure-mustard-oil','   ','150.00','','1','0','1','164689016962298cb969960.webp','','general','0','IC--000552','','2022-03-09 21:29:29','2022-03-20 04:00:59');
INSERT INTO products VALUES('553','109','43','150.00','radhuni-kheer-mix','  ','40.00','','1','0','1','164689036662298d7ea4467.jpg','','general','0','IC--000553','','2022-03-09 21:32:46','2022-03-09 21:32:46');
INSERT INTO products VALUES('554','58','46','1000.00','radhuni-pure-mustard-oil','   ','290.00','','1','0','1','164689052062298e1823a64.webp','','general','0','IC--000554','','2022-03-09 21:35:20','2022-03-09 21:35:20');
INSERT INTO products VALUES('555','109','43','250.00','radhuni-falooda-mix-mango-flavor','    ','64.00','','1','0','1','164689054162298e2dcc7a7.jpg','','general','0','IC--000555','','2022-03-09 21:35:41','2022-03-09 21:35:41');
INSERT INTO products VALUES('556','109','43','250.00','radhuni-falooda-mix-vanila-flavor','    ','63.00','','1','0','1','164689064962298e994ef88.webp','','general','0','IC--000556','','2022-03-09 21:37:29','2022-03-09 21:37:29');
INSERT INTO products VALUES('557','56','41','1.00','chashi-aromatic-chinigura-rice','   ','130.00','','1','0','1','164689079662298f2cc8450.webp','','general','0','IC--000557','','2022-03-09 21:39:56','2022-03-09 21:39:56');
INSERT INTO products VALUES('558','109','43','200.00','radhuni-haleem-mix','  ','55.00','','1','0','1','1646891238622990e644ba3.webp','','general','0','IC--000558','','2022-03-09 21:47:18','2022-03-14 03:10:21');
INSERT INTO products VALUES('559','32','41','1.00','potato',' ','25.00','20.00','1','0','1','1646931640622a2eb8d04a4.webp','','general','0','IC--000559','alu','2022-03-10 09:00:40','2022-03-31 03:16:08');
INSERT INTO products VALUES('560','32','41','1.00','peyaj','  ','65.00','35.00','1','0','1','1646931733622a2f15da037.webp','','general','0','IC--000560','  , Deshi Peyaj, onion, peyj, peaz,peaj,paj','2022-03-10 09:02:13','2022-04-02 03:27:35');
INSERT INTO products VALUES('561','56','41','1.00','aci-gold-chinigura-aromatic-rice','   ','130.00','125.00','1','0','1','1647082107622c7a7b10a8c.jpeg','','general','0','IC--000561','','2022-03-12 02:48:27','2022-03-27 00:54:48');
INSERT INTO products VALUES('562','56','41','1.00','aci-pure-chinigura-aromatic-rice','   ','130.00','125.00','1','0','1','1647082541622c7c2db79f8.jpg','','general','0','IC--000562','','2022-03-12 02:55:41','2022-03-27 00:54:18');
INSERT INTO products VALUES('563','63','41','2.00','fresh-atta',' ','90.00','','1','0','1','1647171694622dd86e1bab8.webp','','general','0','IC--000563','','2022-03-13 03:41:34','2022-03-13 03:43:07');
INSERT INTO products VALUES('564','63','41','2.00','teer-atta',' ','95.00','','1','0','1','1647171916622dd94ce567b.webp','','general','0','IC--000564','','2022-03-13 03:45:16','2022-03-13 03:45:16');
INSERT INTO products VALUES('565','66','41','1.00','meat-beef',' ','650.00','','1','0','1','1647172130622dda2289a5b.jpg','','general','0','IC--000565','','2022-03-13 03:48:50','2022-03-22 03:13:04');
INSERT INTO products VALUES('566','63','41','2.00','sunshine-atta',' ','90.00','','1','0','1','1647172438622ddb56e6f1c.png','','general','0','IC--000566','','2022-03-13 03:53:59','2022-03-13 03:53:59');
INSERT INTO products VALUES('567','58','47','5.00','sena-soyabean-oil','  ','800.00','','1','0','1','1647172575622ddbdf9abe2.webp','','general','0','IC--000567','','2022-03-13 03:56:15','2022-03-21 20:21:55');
INSERT INTO products VALUES('568','67','41','1.00','hilsha-fish-50gm-','  ( gm)','0.00','','1','0','1','1647172744622ddc88a23ff.webp','','general','0','IC--000568','elish','2022-03-13 03:59:04','2022-04-01 21:28:14');
INSERT INTO products VALUES('569','67','41','1.00','chingri','  (  gm)','850.00','','1','0','1','1647176988622ded1cc77d3.webp','','general','0','IC--000569','','2022-03-13 05:09:48','2022-03-27 23:27:13');
INSERT INTO products VALUES('570','67','41','1.00','shing-50-gm-','  ( gm)','450.00','','1','0','1','1647177080622ded7822999.webp','','general','0','IC--000570','','2022-03-13 05:11:20','2022-03-13 05:14:25');
INSERT INTO products VALUES('571','67','41','1.00','katol-fish-50-gm-','   ( 5 gm)','400.00','','1','0','1','1647177183622deddf82e4c.jpeg','','general','0','IC--000571','','2022-03-13 05:13:03','2022-03-28 23:37:39');
INSERT INTO products VALUES('572','12','43','330.00','nestl-koko-krunch','  ','360.00','','1','0','1','1647179691622df7ab632a5.jpg','','general','0','IC--000572','','2022-03-13 05:54:51','2022-03-14 00:16:27');
INSERT INTO products VALUES('573','33','44','1.00','maggi-noodles-masala-family-fun-pack-16-pack','   (   )  ','270.00','','1','0','1','1647246397622efc3d0e9d4.jpg','','general','0','IC--000573','','2022-03-14 00:26:37','2022-03-14 00:26:37');
INSERT INTO products VALUES('574','33','43','4.00','magi-shade-magic','   ','5.00','','1','0','1','16478369386237ff0ae1e85.PNG','','general','0','IC--000574','','2022-03-14 00:33:24','2022-03-20 20:28:59');
INSERT INTO products VALUES('575','33','43','496.00','maggi-masala-instant-noodles-8-pack','     ','140.00','','1','0','1','1647247593622f00e9d87df.jpg','','general','0','IC--000575','','2022-03-14 00:46:34','2022-03-14 00:46:34');
INSERT INTO products VALUES('576','33','43','744.00','maggi-noodles-masala-12-pack','    ','210.00','','1','0','1','1647248001622f02811e1d5.jpg','','general','0','IC--000576','','2022-03-14 00:53:21','2022-03-14 00:53:21');
INSERT INTO products VALUES('577','34','42','1.00','maggi-healthy-soup-thai','   ','45.00','','1','0','1','1647248413622f041df3d11.jpg','','general','0','IC--000577','','2022-03-14 01:00:14','2022-03-14 01:00:14');
INSERT INTO products VALUES('578','34','42','1.00','maggi-healthy-soup-corn-with-chicken','     ','45.00','','1','0','1','1647248564622f04b4291af.jpg','','general','0','IC--000578','','2022-03-14 01:02:44','2022-03-14 01:02:44');
INSERT INTO products VALUES('579','62','41','1.00','moshur-dal-deshi-','  ()','135.00','','0','0','1','1647249118622f06dee6d8d.webp','','general','0','IC--000579','dal','2022-03-14 01:05:19','2022-04-06 13:22:09');
INSERT INTO products VALUES('580','62','41','1.00','motor-dal',' ','120.00','','1','0','1','1647249197622f072daff23.webp','','general','0','IC--000580','','2022-03-14 01:10:30','2022-03-14 03:00:23');
INSERT INTO products VALUES('581','62','43','500.00','motor-dal',' ','60.00','','1','0','1','1647249174622f0716621a9.webp','','general','0','IC--000581','','2022-03-14 01:11:45','2022-03-14 03:00:44');
INSERT INTO products VALUES('582','62','41','1.00','mug-dal',' ','135.00','138.00','1','0','1','1647249284622f07848b7e7.webp','','general','0','IC--000582','mug','2022-03-14 01:14:44','2022-04-03 19:49:50');
INSERT INTO products VALUES('583','62','43','500.00','mug-dal',' ','70.00','69.00','1','0','1','1647249316622f07a4a7bf2.webp','','general','0','IC--000583','mug','2022-03-14 01:15:16','2022-04-03 19:50:25');
INSERT INTO products VALUES('584','58','47','2.00','rupchanda-soyabean-oil','  ','335.00','','1','0','1','1647249418622f080aa87ac.webp','','general','0','IC--000584','','2022-03-14 01:16:58','2022-03-14 03:02:12');
INSERT INTO products VALUES('585','62','41','1.00','boot-dal',' ','96.00','','1','0','1','1649043907624a69c3d7211.jpg','','general','0','IC--000585','boot','2022-03-14 01:22:22','2022-04-03 19:45:07');
INSERT INTO products VALUES('586','57','43','100.00','cumin-jira-','','55.00','50.00','1','0','1','1647256303622f22efe4dfa.webp','','general','0','IC--000586','jira','2022-03-14 03:11:44','2022-04-03 00:57:30');
INSERT INTO products VALUES('587','57','43','100.00','cinnamon-darchini-','','60.00','49.00','1','0','1','1647256560622f23f0dc5f5.jpg','','general','0','IC--000587','darchini','2022-03-14 03:16:00','2022-04-03 00:54:23');
INSERT INTO products VALUES('588','57','43','50.00','elachi-jambo','','150.00','129.00','1','0','1','1647256785622f24d1d951c.jpg','','general','0','IC--000588','Elach','2022-03-14 03:19:45','2022-04-03 00:58:44');
INSERT INTO products VALUES('589','57','43','50.00','clove-lobongo-','','85.00','75.00','1','0','1','1647256834622f250252ae7.webp','','general','0','IC--000589','lobongo','2022-03-14 03:20:34','2022-04-03 00:55:50');
INSERT INTO products VALUES('590','57','43','50.00','black-pepper',' ','70.00','48.00','1','0','1','1647257032622f25c874fbd.webp','','general','0','IC--000590','black pepper','2022-03-14 03:23:52','2022-04-03 00:53:40');
INSERT INTO products VALUES('591','62','41','1.00','moshur-dal-b-grade-','  ( )','120.00','110.00','1','0','1','1647257493622f2795ae44c.jpeg','','general','0','IC--000591','','2022-03-14 03:31:33','2022-03-26 22:36:54');
INSERT INTO products VALUES('592','121','46','200.00','kewra-water',' ','25.00','','1','0','1','1647258468622f2b64ecdaf.jpg','','general','0','IC--000592','','2022-03-14 03:47:48','2022-03-14 03:48:05');
INSERT INTO products VALUES('593','121','46','200.00','rose-water',' ','25.00','','1','0','1','1647258670622f2c2e25b78.jpg','','general','0','IC--000593','','2022-03-14 03:51:10','2022-03-14 03:51:10');
INSERT INTO products VALUES('594','121','43','100.00','corn-flour',' ','60.00','','1','0','1','1647258746622f2c7ade874.jpg','','general','0','IC--000594','','2022-03-14 03:52:27','2022-03-14 03:52:27');
INSERT INTO products VALUES('595','57','43','100.00','psyllium-husk-isub-gul-vushi-',' ','129.00','','1','0','1','1647259228622f2e5c9ff23.jpg','','general','0','IC--000595','isub gul vushi','2022-03-14 04:00:28','2022-04-03 01:02:59');
INSERT INTO products VALUES('596','57','46','250.00','kalijira-houny',' ','300.00','250.00','1','0','1','1647262708622f3bf43ba51.jpg','','general','0','IC--000596','kalijira','2022-03-14 04:58:28','2022-04-03 01:02:07');
INSERT INTO products VALUES('597','57','43','15.00','aci-pure-garam-masala','   ','26.00','','1','0','1','164732288162302701d17fa.jpg','','general','0','IC--000597','','2022-03-14 21:41:22','2022-03-14 21:41:22');
INSERT INTO products VALUES('598','57','43','40.00','aci-pure-shahi-biryani-masala','    ','55.00','','1','0','1','164732406662302ba24db79.webp','','general','0','IC--000598','','2022-03-14 22:01:06','2022-03-14 22:10:20');
INSERT INTO products VALUES('599','57','43','20.00','aci-pure-meat-curry-masala','   ','15.00','','1','0','1','164732458162302da508d9a.jpg','','general','0','IC--000599','','2022-03-14 22:09:41','2022-03-14 22:09:41');
INSERT INTO products VALUES('600','57','43','200.00','aci-pure-coriander-powder','   ','65.00','','1','0','1','164732512162302fc175d8b.webp','','general','0','IC--000600','','2022-03-14 22:18:41','2022-03-14 22:18:41');
INSERT INTO products VALUES('601','57','43','200.00','aci-pure-chilli-powder-jar','      ','95.00','','1','0','1','164733045062304492cd9e6.webp','','general','0','IC--000601','','2022-03-14 23:47:30','2022-03-14 23:47:30');
INSERT INTO products VALUES('602','57','43','200.00','aci-pure-turmeric-powder-jar','      ','105.00','','1','0','1','1647330492623044bc45a29.webp','','general','0','IC--000602','','2022-03-14 23:48:12','2022-03-14 23:48:12');
INSERT INTO products VALUES('603','44','41','1.00','bathan-dairy-farm-sweet-yogurt','    ','220.00','','1','0','1','164734446362307b4f475ea.jpg','','general','0','IC--000603','','2022-03-15 03:12:14','2022-03-15 03:41:03');
INSERT INTO products VALUES('604','44','41','1.00','bathan-dairy-farm-sour-yogurt','    ','170.00','','1','0','1','164734445362307b4585b48.jpg','','general','0','IC--000604','','2022-03-15 03:15:48','2022-03-15 03:40:53');
INSERT INTO products VALUES('605','41','47','1.00','bathan-dairy-farm-milk','   ','90.00','','1','0','1','164734444262307b3a6be3b.jpg','','general','0','IC--000605','','2022-03-15 03:17:34','2022-03-15 03:40:42');
INSERT INTO products VALUES('606','62','41','1.00','chola-boot',' ','90.00','79.00','1','0','1','1649044053624a6a558addd.webp','','general','0','IC--000606','chola','2022-03-15 03:34:41','2022-04-03 19:47:33');
INSERT INTO products VALUES('608','36','43','500.00','iftar-muri',' ','55.00','','1','0','1','1647348218623089fa89426.jpeg','','general','0','IC--000608','muri','2022-03-15 04:43:38','2022-04-02 21:02:58');
INSERT INTO products VALUES('609','36','41','1.00','iftar-muri',' ','109.00','','1','0','1','164734828762308a3fab8a1.jpeg','','general','0','IC--000609','muri','2022-03-15 04:44:47','2022-04-02 21:02:34');
INSERT INTO products VALUES('610','36','41','1.00','jarif-muri',' ','109.00','','1','0','1','164734835962308a87646ea.jpeg','','general','0','IC--000610','muri','2022-03-15 04:45:59','2022-04-02 21:02:10');
INSERT INTO products VALUES('611','36','43','500.00','jarif-muri',' ','55.00','','1','0','1','164734841162308abb8d3a1.jpeg','','general','0','IC--000611','muri','2022-03-15 04:46:51','2022-04-02 21:01:37');
INSERT INTO products VALUES('612','57','43','100.00','clove-lobongo-','','170.00','150.00','1','0','1','1647403951623163afc6242.webp','','general','0','IC--000612','lobongo','2022-03-15 20:12:31','2022-04-03 00:55:11');
INSERT INTO products VALUES('613','57','43','100.00','elach','','300.00','','1','0','1','1647404054623164167ecb3.jpg','','general','0','IC--000613','elach','2022-03-15 20:14:14','2022-04-03 00:58:07');
INSERT INTO products VALUES('614','57','43','100.00','black-pepper',' ','135.00','96.00','1','0','1','164740440662316576c74a4.webp','','general','0','IC--000614','Black Pepper,paper, black, paper black','2022-03-15 20:20:06','2022-03-30 00:09:34');
INSERT INTO products VALUES('615','57','43','200.00','cumin-jira-','','110.00','100.00','1','0','1','1647404562623166128a0f2.webp','','general','0','IC--000615','jira','2022-03-15 20:22:42','2022-04-03 00:56:22');
INSERT INTO products VALUES('617','57','43','500.00','ginger-imported-',' ','63.00','59.00','1','0','1','16474980946232d36e5de91.webp','','general','0','IC--000617','ada','2022-03-16 22:21:34','2022-04-03 01:00:33');
INSERT INTO products VALUES('618','57','43','500.00','garlic-garlic-imported-',' ','65.00','','1','0','1','16474982956232d437eb51d.webp','','general','0','IC--000618','roshun','2022-03-16 22:24:55','2022-04-03 00:59:33');
INSERT INTO products VALUES('619','54','43','100.00','forest-moon-baking-powder','   ','60.00','','1','0','1','16475057006232f124dbbce.jpg','','general','0','IC--000619','','2022-03-17 00:28:20','2022-03-17 00:28:20');
INSERT INTO products VALUES('620','57','43','100.00','alu-bukhara-dried-plums-','','59.00','','1','0','1','16475059686232f23083b6b.jpg','','general','0','IC--000620','Alu Bukhara, Bukhara, alo bukhara','2022-03-17 00:32:48','2022-03-30 00:03:47');
INSERT INTO products VALUES('621','57','43','100.00','golden-kismis-',' ','60.00','','1','0','1','16475061696232f2f9627b3.jpg','','general','0','IC--000621','kismis','2022-03-17 00:36:09','2022-04-03 01:01:23');
INSERT INTO products VALUES('622','57','43','100.00','almond-kathbadam-','','95.00','','1','0','1','16475065286232f4604bb86.png','','general','0','IC--000622','Kathbadam,badam','2022-03-17 00:42:08','2022-04-03 01:03:54');
INSERT INTO products VALUES('623','63','43','500.00','bashundhara-suji',' ','38.00','','1','0','1','16477637376236e1193c602.webp','','general','0','IC--000623','','2022-03-20 00:08:57','2022-03-21 00:06:47');
INSERT INTO products VALUES('624','122','42','12.00','chicken-eggs',' ','115.00','','1','0','1','164778275562372b63b74f1.jpg','','general','0','IC--000624','','2022-03-20 05:25:55','2022-03-20 05:26:43');
INSERT INTO products VALUES('625','63','43','500.00','teer-semolina-suji','  ','40.00','','1','0','1','1647850228623832f4084a0.webp','','general','0','IC--000625','','2022-03-21 00:10:28','2022-03-21 00:10:28');
INSERT INTO products VALUES('626','123','43','550.00','pran-hot-tomato-sauce','   ','120.00','','1','0','1','16478508266238354acb880.jpeg','','general','0','IC--000626','','2022-03-21 00:20:26','2022-03-21 04:06:37');
INSERT INTO products VALUES('629','62','43','500.00','boot-dal',' ','48.00','','1','0','1','1649043868624a699c94208.jpg','','general','0','IC--000629','boot','2022-03-26 21:39:53','2022-04-03 19:44:28');
INSERT INTO products VALUES('634','62','41','1.00','boot-dal-besan','  ','119.00','','1','0','1','1648370193624022113cfc4.webp','','general','0','IC--000634','','2022-03-27 00:36:33','2022-03-27 00:36:33');
INSERT INTO products VALUES('641','12','43','500.00','quaker-oats-jar','  ','320.00','','1','0','1','16485565976242fa350ec79.webp','','general','0','IC--000641','Quaker Oats Jar,   ','2022-03-28 03:55:06','2022-03-29 04:23:17');
INSERT INTO products VALUES('642','12','41','1.00','quaker-oats-jar','  ','599.00','','1','0','1','16485565576242fa0db5eea.webp','','general','0','IC--000642','Quaker Oats Jar,   ','2022-03-28 04:00:38','2022-03-29 04:22:37');
INSERT INTO products VALUES('643','109','43','250.00','sabudana','','55.00','','1','0','1','16486192856243ef15bf43e.webp','','general','0','IC--000643','Sabudana, ','2022-03-28 20:19:32','2022-03-29 21:48:05');
INSERT INTO products VALUES('645','61','41','1.00','molla-super-salt','  ','35.00','','1','0','1','16485564746242f9ba6dd97.jpg','','general','0','IC--000645','Molla Super Salt, salt,   , ','2022-03-29 01:56:46','2022-03-29 20:29:23');
INSERT INTO products VALUES('646','61','41','1.00','sun-sugar',' ','85.00','','1','0','1','16486192216243eed55f694.PNG','','general','0','IC--000646','Sun Sugar(chini), ','2022-03-29 02:05:57','2022-03-29 21:47:01');
INSERT INTO products VALUES('647','126','43','750.00','foster-clark-s-orange-instant-drink-powder',' \'    ','550.00','','1','0','1','16485563706242f95250987.jpg','','general','0','IC--000647','Foster Clark\'s Orange Instant Drink Powder,  \'    ','2022-03-29 02:16:59','2022-04-02 20:39:35');
INSERT INTO products VALUES('648','126','43','750.00','foster-clark-s-mango-instant-drink-powder',' \'    ','550.00','','1','0','1','16485563306242f92acb8bc.webp','','general','0','IC--000648','Foster Clark\'s Mango Instant Drink Powder,  \'    ','2022-03-29 02:19:29','2022-04-02 20:39:09');
INSERT INTO products VALUES('649','126','43','500.00','foster-clark-s-orange-instant-drink-powder',' \'    ','310.00','','1','0','1','16486193606243ef6027aeb.jpg','','general','0','IC--000649','Foster Clark\'s Orange Instant Drink Powder,  \'    ','2022-03-29 02:27:28','2022-04-02 20:38:50');
INSERT INTO products VALUES('650','126','43','500.00','foster-clark-s-mango-instant-drink-powder',' \'    ','310.00','','1','0','1','16485561246242f85c3d8e6.jpeg','','general','0','IC--000650','Foster Clark\'s Mango Instant Drink Powder,  \'    ,','2022-03-29 02:30:41','2022-04-02 20:38:29');
INSERT INTO products VALUES('651','62','43','500.00','boot-dal-besan','  ','60.00','','1','0','1','164897546362495e67d4a38.webp','','general','0','IC--000651','  , boot dal beson, veshon, beshon, Bheson','2022-03-29 02:48:55','2022-04-03 00:44:24');
INSERT INTO products VALUES('655','67','41','1.00','ayer-fish-1-2-50-',' ','840.00','','1','0','1','16486204796243f3bf7088a.jpeg','','general','0','IC--000655','ayer, ayir','2022-03-29 22:07:59','2022-03-29 22:15:35');
INSERT INTO products VALUES('656','67','41','1.00','river-poa-fish','  ','370.00','','1','0','1','16487354726245b4f0c76be.jpeg','','general','0','IC--000656','poa','2022-03-29 22:23:45','2022-03-31 06:04:32');
INSERT INTO products VALUES('657','67','41','1.00','bata-fish','  ','375.00','','1','0','1','16486228276243fcebf1b52.jpg','','general','0','IC--000657','bata, beta','2022-03-29 22:36:07','2022-03-30 20:26:01');
INSERT INTO products VALUES('662','125','43','300.00','rooh-afza',' ','175.00','','1','0','1','164864265562444a5f0858a.webp','','general','0','IC--000662','rooh afza','2022-03-30 04:17:35','2022-04-02 20:41:14');
INSERT INTO products VALUES('663','','','0.00','Premium Miniket Rice 1.00KG','','0.00','','0','0','0','','','general','0','IC--000521','','','');
INSERT INTO products VALUES('665','125','43','750.00','rooh-afza',' ','300.00','','1','0','1','164864282062444b0462deb.webp','','general','0','IC--000665','rooh afza','2022-03-30 04:20:20','2022-04-02 20:40:42');
INSERT INTO products VALUES('666','57','43','250.00','guamuri-fennel-seeds-','','60.00','','1','0','1','164864309562444c1749a9b.jpg','','general','0','IC--000666','','2022-03-30 04:24:55','2022-03-30 04:24:55');
INSERT INTO products VALUES('668','61','43','100.00','bit-lobon',' ','40.00','','1','0','1','164864343062444d66f06f8.jpg','','general','0','IC--000668','','2022-03-30 04:30:31','2022-03-30 04:30:31');
INSERT INTO products VALUES('669','51','43','50.00','baking-soda',' ','45.00','','1','0','1','164864361762444e210ac92.jpg','','general','0','IC--000669','','2022-03-30 04:33:37','2022-03-30 04:33:37');
INSERT INTO products VALUES('671','33','43','496.00','mr-noodles-shahi-masala-8pcs','   8 ','140.00','','1','0','1','164864416462445044e4da1.jpeg','','general','0','IC--000671','','2022-03-30 04:42:44','2022-03-30 04:42:44');
INSERT INTO products VALUES('672','33','43','496.00','mr-noodles-korean-super-spicy','.   ','145.00','','1','0','1','16486443646244510c72344.webp','','general','0','IC--000672','','2022-03-30 04:46:04','2022-03-30 04:46:04');
INSERT INTO products VALUES('673','33','43','496.00','chopstick-noodles-deshi-masala','    ','135.00','','1','0','1','16486446556244522fa4540.webp','','general','0','IC--000673','','2022-03-30 04:50:55','2022-03-30 04:50:55');
INSERT INTO products VALUES('674','8','43','750.00','harpic-toilet-cleaning-liquid','   ','135.00','','1','0','1','1648644868624453046c1bc.webp','','general','0','IC--000674','','2022-03-30 04:54:28','2022-03-30 04:54:28');
INSERT INTO products VALUES('675','8','47','1.00','dettol-antiseptic-disinfectant-liquid','   ','245.00','','1','0','1','164864523962445477bd8e4.jpg','','general','0','IC--000675','','2022-03-30 05:00:39','2022-03-30 05:00:39');
INSERT INTO products VALUES('676','126','43','500.00','tang-orange-instant-drink-powder','    ','330.00','','1','0','1','16486457586244567e78e82.webp','','general','0','IC--000676','tang','2022-03-30 05:09:18','2022-04-02 20:37:57');
INSERT INTO products VALUES('677','126','43','250.00','tang-orange-instant-drink-powder','    ','180.00','','1','0','1','1648645925624457251f8a4.webp','','general','0','IC--000677','tang','2022-03-29 21:12:05','2022-04-02 12:37:01');
INSERT INTO products VALUES('678','33','43','496.00','mr-noodles-magic-masala-easy-instant','     ','140.00','','1','0','1','16486460456244579dc0852.webp','','general','0','IC--000678','','2022-03-29 21:14:05','2022-03-29 21:14:05');
INSERT INTO products VALUES('679','113','43','200.00','cussons-imperial-leather-classic-soap','    ','175.00','','1','0','1','1648646581624459b5d71bf.jpeg','','general','0','IC--000679','Cussons Imperial Leather Classic Soap','2022-03-29 21:23:01','2022-04-02 11:43:41');
INSERT INTO products VALUES('680','115','41','1.00','jet-classic-detergent-powder-paper-pack','       ','250.00','','1','0','1','164864721162445c2b32394.webp','','general','0','IC--000680','','2022-03-29 21:33:31','2022-03-29 21:33:31');
INSERT INTO products VALUES('681','114','43','130.00','nirala-ball-laundry-soap','   ','20.00','','1','0','1','164864760162445db1ab308.webp','','general','0','IC--000681','','2022-03-29 21:40:01','2022-03-29 21:40:01');
INSERT INTO products VALUES('682','66','43','1500.00','broiler-live-chicken-murgi-','  ','255.00','','1','0','1','1648702437624533e50d2c9.jpg','','general','0','IC--000682','murgi','2022-03-30 12:53:57','2022-03-30 13:48:52');
INSERT INTO products VALUES('683','66','41','1.00','live-cock-chicken','  ','320.00','','1','0','1','1648702678624534d679fb8.jpg','','general','0','IC--000683','','2022-03-30 12:57:58','2022-03-30 12:57:58');
INSERT INTO products VALUES('684','67','41','1.00','bagda-chingri-medium-size-','  ( )','650.00','','1','0','1','164871691862456c76077eb.jpeg','','general','0','IC--000684','','2022-03-30 16:55:18','2022-03-30 16:55:18');
INSERT INTO products VALUES('685','59','43','450.00','ghee','','650.00','540.00','1','0','1','16487328026245aa828f55f.JPG','','general','0','IC--000685','ghee','2022-03-30 21:20:02','2022-03-30 21:27:15');
INSERT INTO products VALUES('686','58','43','250.00','ghani-vangga-mustard-oil-shorisher-tel-','   ','100.00','90.00','1','0','1','16487331406245abd4e02b8.JPG','','general','0','IC--000686','oil','2022-03-30 21:25:41','2022-04-01 20:06:31');
INSERT INTO products VALUES('687','62','41','1.00','khesari-dal',' ','96.00','','1','0','1','16488846186247fb8a03322.jfif','','general','0','IC--000687','','2022-04-01 15:30:18','2022-04-01 15:30:18');
INSERT INTO products VALUES('688','62','41','1.00','dubli-boot',' ','58.00','','1','0','1','16488849486247fcd4ac5cb.webp','','general','0','IC--000688','','2022-04-01 15:35:49','2022-04-01 15:35:49');
INSERT INTO products VALUES('689','58','47','5.00','fresh-soyabean-oil','    ','760.00','','1','0','1','16488916576248170900548.jpg','','general','0','IC--000689','oil','2022-04-01 17:27:37','2022-04-01 20:55:43');
INSERT INTO products VALUES('690','61','41','1.00','sugar',' ','95.00','','1','0','1','1648903585624845a1a8cb9.jpg','','general','0','IC--000690','Salt & Sugar','2022-04-01 17:36:33','2022-04-01 20:47:06');
INSERT INTO products VALUES('691','58','47','1.00','suresh-pure-mustard-oil','  ','400.00','','1','0','1','164889245762481a29f050b.jpg','','general','0','IC--000691','','2022-04-01 17:40:58','2022-04-01 17:40:58');
INSERT INTO products VALUES('692','89','44','1.00','bashundhara-kitchen-tissue','  ','120.00','','1','0','1','1648895671624826b726c27.jfif','','general','0','IC--000692','Napkins','2022-04-01 17:51:20','2022-04-01 18:34:31');
INSERT INTO products VALUES('693','67','41','1.00','baila-fish',' ','755.00','','1','0','1','164889312162481cc11d6ad.webp','','general','0','IC--000693','bele','2022-04-01 17:52:01','2022-04-01 18:06:05');
INSERT INTO products VALUES('694','67','43','1250.00','batasi-fish-1-250g-50g-',' ','906.00','','1','0','1','164889361962481eb3d0f86.jpg','','general','0','IC--000694','batasi','2022-04-01 18:00:19','2022-04-02 18:21:35');
INSERT INTO products VALUES('695','67','41','1.00','kaski-fish-30g-',' ','520.00','','1','0','1','164889374062481f2c96253.webp','','general','0','IC--000695','','2022-04-01 18:02:20','2022-04-01 18:02:20');
INSERT INTO products VALUES('696','116','43','1.00','ispahani-blender-s-choice-black-tea',' \'   ','160.00','','1','0','1','164889374362481f2f45b05.jpg','','general','0','IC--000696','','2022-04-01 18:02:23','2022-04-01 18:02:23');
INSERT INTO products VALUES('697','67','41','1.00','pabda-fish-30-g-',' ','450.00','','1','0','1','164889388062481fb859f2d.webp','','general','0','IC--000697','','2022-04-01 18:04:40','2022-04-01 18:04:40');
INSERT INTO products VALUES('698','63','41','2.00','aci-pure-white-flour','','118.00','','1','0','1','164889660862482a60a22dd.jfif','','general','0','IC--000698','','2022-04-01 18:50:08','2022-04-01 18:50:08');
INSERT INTO products VALUES('699','63','41','2.00','teer-white-flour-maida-',' ','126.00','','1','0','1','16489039656248471d7b497.webp','','general','0','IC--000699','','2022-04-01 20:52:45','2022-04-01 20:52:45');
INSERT INTO products VALUES('700','66','42','1.00','deshi-big-cock','  ','550.00','','1','0','1','16489068906248528aba7b6.jpg','','general','0','IC--000700','chicken','2022-04-01 21:41:30','2022-04-02 12:19:17');
INSERT INTO products VALUES('701','36','41','1.00','red-chira','  ','120.00','','1','0','1','164896335662492f1cb99d1.jpg','','general','0','IC--000701','','2022-04-02 13:22:36','2022-04-02 13:22:36');
INSERT INTO products VALUES('706','61','41','1.00','white-sugar-chini-',' ','82.00','','1','0','1','164896645562493b37966c7.webp','','general','0','IC--000706','','2022-04-02 14:14:15','2022-04-02 14:14:15');
INSERT INTO products VALUES('710','126','43','2500.00','tang-orange','  .','1400.00','','1','0','1','16489811386249749248e8e.png','','general','0','IC--000710','','2022-04-02 18:18:58','2022-04-02 18:18:58');
INSERT INTO products VALUES('711','58','47','1.00','pusti-fortified-soyabean-oil','   ','160.00','','1','0','1','164898114362497497ddffb.webp','','general','0','IC--000711','','2022-04-02 18:19:03','2022-04-02 18:19:03');
INSERT INTO products VALUES('712','127','41','1.00','mariyam-dates-khejur-',' ','680.00','','1','0','1','1648982377624979693f404.jpg','','general','0','IC--000712','','2022-04-02 18:39:37','2022-04-02 18:39:37');
INSERT INTO products VALUES('713','127','43','500.00','mariyam-dates-khejur-',' ','350.00','','1','0','1','164898358362497e1f706d7.jpg','','general','0','IC--000713','','2022-04-02 18:59:43','2022-04-02 18:59:43');
INSERT INTO products VALUES('734','63','41','2.00','aci-pure-flour-atta-','    ','92.00','','0','0','1','1649130569624bbc494beff.webp','','general','4','IC--000734','atta','2022-04-05 09:49:29','2022-04-07 12:09:13');
INSERT INTO products VALUES('735','63','41','1.00','aci-pure-flour-atta-','    ','47.00','','0','0','1','1649130638624bbc8ee3036.jpg','','general','6','IC--000735','atta','2022-04-05 09:50:38','2022-04-07 12:08:56');
INSERT INTO products VALUES('736','63','41','2.00','aci-pure-white-flour-maida-','    ','0.00','','0','0','1','1649130864624bbd70876b9.webp','','general','0','IC--000736','maida','2022-04-05 09:54:24','2022-04-05 13:17:30');
INSERT INTO products VALUES('737','63','41','1.00','aci-pure-white-flour-maida-','    ','47.00','','0','0','1','1649130911624bbd9f79fe6.webp','','general','2','IC--000737','maida','2022-04-05 09:55:11','2022-04-07 12:09:32');
INSERT INTO products VALUES('738','61','41','1.00','aci-pure-salt','    ','35.00','','0','0','1','1649131003624bbdfb58c8a.webp','','general','6','IC--000738','lobon','2022-04-05 09:56:43','2022-04-07 12:08:21');
INSERT INTO products VALUES('739','63','43','500.00','aci-pure-suji','    ','40.00','','0','0','1','1649131404624bbf8c9060a.webp','','general','6','IC--000739','suji','2022-04-05 10:03:24','2022-04-07 12:08:38');
INSERT INTO products VALUES('740','63','41','2.00','aci-pure-brown-flour','     ','109.00','','0','0','1','1649131510624bbff64fa94.webp','','general','6','IC--000740','atta','2022-04-05 10:05:10','2022-04-07 12:07:58');
INSERT INTO products VALUES('741','116','43','200.00','tata-tea-tetley-premium-leaf','    ','110.00','','0','0','1','1649132128624bc260809c5.jpeg','','general','4','IC--000741','tea','2022-04-05 10:15:28','2022-04-07 12:07:28');
INSERT INTO products VALUES('742','116','43','400.00','tata-tea-tetley-premium-leaf','    ','210.00','','1','0','1','1649132191624bc29fdf9f5.jpeg','','general','10','IC--000742','tea','2022-04-05 10:16:31','2022-04-07 12:05:55');
INSERT INTO products VALUES('746','47','43','400.00','aftab-aloo-puri','  ','105.00','','1','0','1','1649149166624c04ee1d452.JPG','','general','0','IC--000746','aloo puri,puri','2022-04-05 14:59:26','2022-04-07 11:27:05');
INSERT INTO products VALUES('747','47','43','400.00','aftab-dal-puri','  ','110.00','','1','0','1','1649149335624c05972df65.JPG','','general','0','IC--000747','dal puri,puri','2022-04-05 15:02:15','2022-04-07 11:32:04');
INSERT INTO products VALUES('748','47','43','400.00','aftab-chicken-burger-patty','   ','315.00','','1','0','1','1649149489624c063106cf4.JPG','','general','0','IC--000748','burger','2022-04-05 15:04:49','2022-04-07 11:18:08');
INSERT INTO products VALUES('749','47','43','250.00','aftab-chicken-nugget','  ','180.00','','1','0','1','1649149694624c06fe34d75.JPG','','general','0','IC--000749','nugget','2022-04-05 15:08:14','2022-04-07 11:22:49');
INSERT INTO products VALUES('750','47','43','250.00','aftab-chicken-kids-nugget','   ','180.00','','1','0','1','1649149811624c0773ea75a.JPG','','general','0','IC--000750','kids nugget,nugget','2022-04-05 15:10:12','2022-04-07 11:21:00');
INSERT INTO products VALUES('751','47','43','250.00','aftab-chicken-mini-nugget','   ','180.00','','1','0','1','1649149918624c07dead872.JPG','','general','0','IC--000751','mini nugget','2022-04-05 15:11:58','2022-04-07 11:19:34');
INSERT INTO products VALUES('752','47','43','250.00','aftab-chicken-tandoori-nugget','   ','180.00','','1','0','1','1649150074624c087a92a2a.JPG','','general','0','IC--000752','nugget,tandoori nugget','2022-04-05 15:14:34','2022-04-06 11:33:20');
INSERT INTO products VALUES('753','116','43','100.00','tata-tea-tetley-premium-leaf','    ','55.00','','1','0','1','1649152024624c101819577.webp','','general','0','IC--000753','tea','2022-04-05 15:47:04','2022-04-05 15:55:16');
INSERT INTO products VALUES('760','62','41','1.00','moshur-dal-premium','  ','128.00','','1','0','1','1649153368624c155805df2.jpg','','general','0','IC--000760','moshur, dal','2022-04-05 16:09:28','2022-04-06 12:46:02');
INSERT INTO products VALUES('761','56','41','1.00','pran-aromatic-chinigura-premium-rice','  ','130.00','','1','0','1','1649156084624c1ff4bf451.jpeg','','general','0','IC--000761','','2022-04-05 16:54:44','2022-04-05 16:54:44');
INSERT INTO products VALUES('762','47','43','500.00','aftab-potato-wedges','  ','160.00','','1','0','1','1649216294624d0b268d0d8.JPG','','general','0','IC--000762','potato wedges,wedges','2022-04-06 09:38:14','2022-04-07 11:29:24');
INSERT INTO products VALUES('763','66','41','1.00','aftab-chicken-drumstick-skin-on','    (  )','0.00','','1','0','1','1649217844624d113462c12.JPG','','general','0','IC--000763',',Aftab,chicken','2022-04-06 10:04:04','2022-04-06 10:17:25');
INSERT INTO products VALUES('764','66','41','1.00','chicken-breast-boneless-skinless-50-gm-','        (  )','499.00','','1','0','1','1649218318624d130ea2dfe.JPG','','general','0','IC--000764','aftab,chicken','2022-04-06 10:11:58','2022-04-06 12:03:32');
INSERT INTO products VALUES('765','66','41','1.00','aftab-14pcs-cut-whole-chicken-50-gm-','     (  )','0.00','','1','0','1','1649219190624d167681007.JPG','','general','0','IC--000765','chicken,aftab','2022-04-06 10:26:01','2022-04-06 10:26:30');
INSERT INTO products VALUES('766','66','41','1.00','aftab-whole-dressed-chicken-skin-on-50-gm-','      (  )','0.00','','1','0','1','1649220296624d1ac812104.JPG','','general','0','IC--000766','','2022-04-06 10:44:56','2022-04-06 10:44:56');
INSERT INTO products VALUES('767','47','43','250.00','aftab-chicken-popcorn','  ','200.00','','1','0','1','1649307249624e6e71dabb9.JPG','','general','8','IC--000767','popcorn,chicken popcorn','2022-04-06 10:48:13','2022-04-07 11:16:16');
INSERT INTO products VALUES('768','47','43','500.00','aftab-potato-french-fry','   ','170.00','','1','0','1','1649308295624e7287cd6b7.JPG','','general','0','IC--000768','french fry, potato','2022-04-06 10:54:05','2022-04-07 11:11:35');
INSERT INTO products VALUES('769','47','41','1.00','aftab-potato-french-fry','   ','240.00','','1','0','1','1649308239624e724f81639.JPG','','general','10','IC--000769','french fry,potato','2022-04-06 10:59:14','2022-04-07 11:44:10');
INSERT INTO products VALUES('770','47','43','300.00','aftab-chicken-singara','  ','85.00','','1','0','1','1649221586624d1fd278c36.webp','','general','0','IC--000770','singara,chicken singara','2022-04-06 11:06:26','2022-04-06 11:30:48');
INSERT INTO products VALUES('771','47','43','250.00','aftab-chicken-samosa','  ','160.00','','1','0','1','1649307506624e6f723ed7d.JPG','','general','0','IC--000771','samosa,chicken','2022-04-06 11:21:31','2022-04-07 10:58:26');
INSERT INTO products VALUES('772','47','41','1.00','aftab-chicken-samosa','  ','480.00','','1','0','1','1649307461624e6f45c5dee.JPG','','general','0','IC--000772','samosa,chicken','2022-04-06 11:27:56','2022-04-07 10:57:41');
INSERT INTO products VALUES('773','47','41','1.00','aftab-chicken-tandoori-nugget','   ','570.00','','1','0','1','1649306965624e6d5559b6d.JPG','','general','6','IC--000773','tandoori nugget, tandoori','2022-04-06 11:38:43','2022-04-07 11:45:43');
INSERT INTO products VALUES('774','47','41','1.00','aftab-fried-chicken-drumstick','   ','620.00','','1','0','1','1649310658624e7bc29f9b2.JPG','','general','5','IC--000774','chicken drumstick','2022-04-06 11:50:40','2022-04-07 11:50:58');
INSERT INTO products VALUES('775','47','41','1.00','aftab-fried-chicken-wings','   ','620.00','','1','0','1','1649224632624d2bb8417e4.jpg','','general','2','IC--000775','aftab, chicken wings','2022-04-06 11:57:12','2022-04-07 11:48:46');
INSERT INTO products VALUES('776','66','41','1.00','aftab-dressed-bird-broiler-100-gm-','     (  )','269.00','','1','0','1','1649225956624d30e440870.webp','','general','0','IC--000776','','2022-04-06 12:19:16','2022-04-06 12:19:16');
INSERT INTO products VALUES('777','43','43','500.00','diploma-full-cream-milk-powder','    ','380.00','','1','0','1','1649227853624d384d93fda.webp','','general','0','IC--000777','','2022-04-06 12:50:53','2022-04-06 12:50:53');
INSERT INTO products VALUES('778','43','43','500.00','dano-power-instant-full-cream-milk-powder','      ','380.00','','1','0','1','1649228148624d3974e06d4.webp','','general','0','IC--000778','','2022-04-06 12:55:48','2022-04-06 12:55:48');
INSERT INTO products VALUES('779','47','43','250.00','aftab-chicken-potato-chop','   ','140.00','','1','0','1','1649308121624e71d9406d4.JPG','','general','0','IC--000779','potato chop, chop','2022-04-06 14:23:10','2022-04-07 11:24:00');
INSERT INTO products VALUES('780','66','41','1.00','whole-dressed-chicken-skinless-100-gm-','     (  )','269.00','','1','0','1','1649234002624d50520b8c1.webp','','general','0','IC--000780','','2022-04-06 14:33:22','2022-04-06 14:33:22');
INSERT INTO products VALUES('781','47','43','400.00','aftab-dal-puri','  ','110.00','','1','0','1','1649236384624d59a0b890c.webp','','general','0','IC--000781','dal puri,puri','2022-04-06 15:13:04','2022-04-07 11:25:53');
INSERT INTO products VALUES('782','47','43','300.00','aftab-chicken-spring-roll','   ','160.00','','1','0','1','1649307631624e6fef32138.JPG','','general','10','IC--000782','spring roll,roll','2022-04-06 15:15:36','2022-04-07 11:44:44');
INSERT INTO products VALUES('785','47','41','1.00','aftab-chicken-nugget','  ','570.00','','1','0','1','1649306814624e6cbe950a7.JPG','','general','','IC--000785','nugget,nagget','2022-04-07 10:21:55','2022-04-07 11:21:35');
INSERT INTO products VALUES('786','47','41','1.00','aftab-chicken-kids-nugget','   ','570.00','','1','0','1','1649306678624e6c3687e11.JPG','','general','','IC--000786','kids nugget, nugget,nagget','2022-04-07 10:24:23','2022-04-07 11:20:05');
INSERT INTO products VALUES('787','47','41','1.00','aftab-chicken-mini-nugget','   ','570.00','','1','0','1','1649306564624e6bc4509bf.JPG','','general','','IC--000787','nuggets, mini nuggets,naggets','2022-04-07 10:26:37','2022-04-07 12:30:38');
INSERT INTO products VALUES('790','47','41','1.00','aftab-chicken-burger-patty','   ','600.00','','1','0','1','1649306278624e6aa690ff8.JPG','','general','','IC--000790','burger','2022-04-07 10:37:58','2022-04-07 11:17:34');
INSERT INTO products VALUES('791','47','41','1.00','aftab-chicken-popcorn','  ','640.00','','1','0','1','1649307373624e6eed727dc.JPG','','general','4','IC--000791','popcorn','2022-04-07 10:56:13','2022-04-07 11:42:01');
INSERT INTO products VALUES('792','47','41','1.00','aftab-chicken-shami-kabab','   ','800.00','','1','0','1','1649310040624e7958be2ac.JPG','','general','6','IC--000792','shami kebab, kebab','2022-04-07 11:40:40','2022-04-07 11:42:54');
INSERT INTO products VALUES('793','47','43','500.00','aftab-fried-chicken-drumstick','   ','380.00','','1','0','1','1649310860624e7c8c21c33.JPG','','general','','IC--000793','','2022-04-07 11:54:20','2022-04-07 11:54:20');
INSERT INTO products VALUES('796','47','43','500.00','aftab-fried-chicken-wings','   ','380.00','','1','0','1','1649311034624e7d3a986e5.JPG','','general','','IC--000796','','2022-04-07 11:57:14','2022-04-07 11:57:14');
INSERT INTO products VALUES('797','47','43','300.00','aftab-chicken-lolipop','  ','260.00','','1','0','1','1649311253624e7e1584c72.JPG','','general','','IC--000797','lollipop','2022-04-07 12:00:53','2022-04-07 12:05:35');
INSERT INTO products VALUES('798','47','41','1.00','aftab-chicken-lollipop','  ','660.00','','1','0','1','1649311489624e7f012f831.JPG','','general','','IC--000798','','2022-04-07 12:04:49','2022-04-07 12:04:49');
INSERT INTO products VALUES('800','47','43','150.00','aftab-chicken-chips','  ','152.00','','1','0','1','1649312525624e830da60b5.JPG','','general','','IC--000800','','2022-04-07 12:22:05','2022-04-07 12:22:05');
INSERT INTO products VALUES('801','47','43','250.00','aftab-chicken-shami-kabab','   ','245.00','','1','0','1','1649312848624e8450ae22b.JPG','','general','','IC--000801','','2022-04-07 12:27:28','2022-04-07 12:27:28');



DROP TABLE IF EXISTS roles;

CREATE TABLE `roles` (
  `id` bigint(20) unsigned NOT NULL AUTO_INCREMENT,
  `name` varchar(50) COLLATE utf8mb4_unicode_ci NOT NULL,
  `description` text COLLATE utf8mb4_unicode_ci DEFAULT NULL,
  `created_at` timestamp NULL DEFAULT NULL,
  `updated_at` timestamp NULL DEFAULT NULL,
  PRIMARY KEY (`id`)
) ENGINE=InnoDB AUTO_INCREMENT=22 DEFAULT CHARSET=utf8mb4 COLLATE=utf8mb4_unicode_ci;

INSERT INTO roles VALUES('15','office_user','','2022-03-09 14:54:14','2022-03-09 14:54:14');
INSERT INTO roles VALUES('17','ofiice_user','','2022-03-14 10:27:14','2022-03-14 10:27:14');
INSERT INTO roles VALUES('18','raihan','','2022-03-14 10:28:04','2022-03-14 10:28:04');
INSERT INTO roles VALUES('20','supply_chain','supply_chain','2022-03-26 19:13:19','2022-03-26 19:13:19');
INSERT INTO roles VALUES('21','Supply Chain','','2022-03-26 19:16:23','2022-03-26 19:16:23');



DROP TABLE IF EXISTS settings;

CREATE TABLE `settings` (
  `id` bigint(20) unsigned NOT NULL AUTO_INCREMENT,
  `name` varchar(191) COLLATE utf8mb4_unicode_ci NOT NULL,
  `value` longtext COLLATE utf8mb4_unicode_ci NOT NULL,
  `created_at` timestamp NULL DEFAULT NULL,
  `updated_at` timestamp NULL DEFAULT NULL,
  PRIMARY KEY (`id`)
) ENGINE=InnoDB AUTO_INCREMENT=52 DEFAULT CHARSET=utf8mb4 COLLATE=utf8mb4_unicode_ci;

INSERT INTO settings VALUES('1','mail_type','sendmail','','2022-03-31 10:41:23');
INSERT INTO settings VALUES('2','backend_direction','ltr','','2022-03-29 18:12:34');
INSERT INTO settings VALUES('3','language','English','','2022-03-28 17:48:13');
INSERT INTO settings VALUES('4','email_verification','disabled','','2022-03-29 18:12:34');
INSERT INTO settings VALUES('5','delivery_charge','30','','2022-03-29 18:12:34');
INSERT INTO settings VALUES('6','free_delivery_amount','','','2022-03-29 18:12:34');
INSERT INTO settings VALUES('7','currency','BDT','','2022-03-29 18:12:34');
INSERT INTO settings VALUES('8','main_heading','Groceries delivered in 24 hours','','2022-03-21 11:55:26');
INSERT INTO settings VALUES('9','mail_type','sendmail','','2022-03-31 10:41:23');
INSERT INTO settings VALUES('10','backend_direction','ltr','','2022-03-29 18:12:34');
INSERT INTO settings VALUES('11','language','English','','2022-03-28 17:48:13');
INSERT INTO settings VALUES('12','email_verification','disabled','','2022-03-29 18:12:34');
INSERT INTO settings VALUES('13','delivery_charge','30','','2022-03-29 18:12:34');
INSERT INTO settings VALUES('14','free_delivery_amount','','','2022-03-29 18:12:34');
INSERT INTO settings VALUES('15','currency','BDT','','2022-03-29 18:12:34');
INSERT INTO settings VALUES('16','main_heading','Groceries delivered in 24 hours','','2022-03-21 11:55:26');
INSERT INTO settings VALUES('17','company_name','Q Bazar','2021-10-17 10:27:53','2022-03-28 17:48:13');
INSERT INTO settings VALUES('18','site_title','Q Bazar','2021-10-17 10:27:53','2022-03-28 17:48:13');
INSERT INTO settings VALUES('19','phone','+88 01321177234','2021-10-17 10:27:53','2022-03-28 17:48:13');
INSERT INTO settings VALUES('20','email','info@qbazar.com.bd','2021-10-17 10:27:53','2022-03-28 17:48:13');
INSERT INTO settings VALUES('21','timezone','Asia/Dhaka','2021-10-17 10:27:53','2022-03-28 17:48:13');
INSERT INTO settings VALUES('22','currency_position','left','2021-10-17 16:30:56','2022-03-29 18:12:34');
INSERT INTO settings VALUES('23','date_format','d-m-Y','2021-10-17 16:30:56','2022-03-29 18:12:34');
INSERT INTO settings VALUES('24','time_format','12','2021-10-17 16:30:56','2022-03-29 18:12:34');
INSERT INTO settings VALUES('25','about_us','Qbazar.com.bd is an online shop available in Dhaka. We believe time is valuable to our fellow Dhaka residents, and that they should not have to waste hours in traffic, brave harsh weather and wait in line just to buy necessities like eggs! This is why we deliver every day needs to our customers door-steps across Dhaka.','2021-10-17 16:32:24','2022-03-21 11:55:26');
INSERT INTO settings VALUES('26','copyright','Copyright  2021 Q Bazar - All Rights Reserved.','2021-10-17 16:32:24','2022-03-21 11:55:26');
INSERT INTO settings VALUES('27','primary_color','#004e9f','2021-10-17 16:32:24','2022-03-21 11:55:26');
INSERT INTO settings VALUES('28','sidebar_active_color','#004e9f','2021-10-17 16:32:24','2022-03-21 11:55:26');
INSERT INTO settings VALUES('29','footer_top_color','#2f3640','2021-10-17 16:32:24','2022-03-21 11:55:26');
INSERT INTO settings VALUES('30','footer_bottom_color','#26282b','2021-10-17 16:32:24','2022-03-21 11:55:26');
INSERT INTO settings VALUES('31','footer_important_links','[\"1\",\"2\",\"3\",\"4\",\"5\"]','2021-10-17 16:32:24','2022-03-21 11:55:26');
INSERT INTO settings VALUES('32','footer_popular_category','[\"4\",\"57\",\"108\"]','2021-10-17 16:32:24','2022-03-21 11:55:26');
INSERT INTO settings VALUES('33','meta_keywords','','2021-10-17 16:32:24','2022-03-21 11:55:26');
INSERT INTO settings VALUES('34','meta_content','','2021-10-17 16:32:24','2022-03-21 11:55:26');
INSERT INTO settings VALUES('35','home_banner','file_1634471364.jpg','2021-10-17 16:32:24','2021-10-17 17:49:24');
INSERT INTO settings VALUES('36','website_logo','website-logo.png','2021-10-17 17:34:29','2022-03-08 12:10:49');
INSERT INTO settings VALUES('37','address','','2021-10-28 09:43:04','2022-03-28 17:48:13');
INSERT INTO settings VALUES('38','from_email','info@qbazar.com.bd','2022-01-05 11:26:40','2022-03-31 10:41:23');
INSERT INTO settings VALUES('39','from_name','Qbazaar','2022-01-05 11:26:40','2022-03-31 10:41:23');
INSERT INTO settings VALUES('40','smtp_host','mail.qbazar.com.bd','2022-01-05 11:26:40','2022-03-31 10:41:23');
INSERT INTO settings VALUES('41','smtp_port','465','2022-01-05 11:26:40','2022-03-31 10:41:23');
INSERT INTO settings VALUES('42','smtp_username','info@qbazar.com.bd','2022-01-05 11:26:40','2022-03-31 10:41:23');
INSERT INTO settings VALUES('43','smtp_password','info@qbazar.com.bd','2022-01-05 11:26:40','2022-03-31 10:41:23');
INSERT INTO settings VALUES('44','smtp_encryption','ssl','2022-01-05 11:26:40','2022-03-31 10:41:23');
INSERT INTO settings VALUES('45','logo','app-luncher.png','2022-01-29 10:17:08','2022-01-31 12:18:09');
INSERT INTO settings VALUES('46','google_login','enabled','2022-02-16 15:34:11','2022-03-24 12:33:49');
INSERT INTO settings VALUES('47','GOOGLE_CLIENT_ID','668229574250-5orohpoq26hkrboo3pva7mrtc49a0nba.apps.googleusercontent.com','2022-02-16 15:34:11','2022-03-24 12:33:49');
INSERT INTO settings VALUES('48','GOOGLE_CLIENT_SECRET','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','2022-02-16 15:34:11','2022-03-24 12:33:49');
INSERT INTO settings VALUES('49','facebook_login','disabled','2022-02-16 15:34:11','2022-03-24 12:33:49');
INSERT INTO settings VALUES('50','FACEBOOK_CLIENT_ID','1333949347102993','2022-02-16 15:34:11','2022-03-24 12:33:49');
INSERT INTO settings VALUES('51','FACEBOOK_CLIENT_SECRET','c5aa7248411343e8c97566cafaeef128','2022-02-16 15:34:11','2022-03-24 12:33:49');



DROP TABLE IF EXISTS temp_products;

CREATE TABLE `temp_products` (
  `id` bigint(20) unsigned NOT NULL AUTO_INCREMENT,
  `category_id` int(11) DEFAULT NULL,
  `product_name` varchar(191) COLLATE utf8mb4_unicode_ci NOT NULL,
  `itemcode` varchar(191) COLLATE utf8mb4_unicode_ci DEFAULT NULL,
  `stock_quantity` varchar(191) COLLATE utf8mb4_unicode_ci DEFAULT NULL,
  `created_at` timestamp NULL DEFAULT NULL,
  `updated_at` timestamp NULL DEFAULT NULL,
  PRIMARY KEY (`id`)
) ENGINE=InnoDB AUTO_INCREMENT=7 DEFAULT CHARSET=utf8mb4 COLLATE=utf8mb4_unicode_ci;

INSERT INTO temp_products VALUES('4','','test2','IC--000487','500','2022-03-01 07:51:34','2022-03-01 07:51:34');
INSERT INTO temp_products VALUES('5','','test3','IC--000488','5000','2022-03-01 07:51:50','2022-03-01 07:51:50');



DROP TABLE IF EXISTS transactions;

CREATE TABLE `transactions` (
  `id` bigint(20) unsigned NOT NULL AUTO_INCREMENT,
  `order_id` bigint(20) unsigned NOT NULL,
  `transaction_id` varchar(191) COLLATE utf8mb4_unicode_ci NOT NULL,
  `payment_method` varchar(30) COLLATE utf8mb4_unicode_ci NOT NULL,
  `amount` decimal(10,2) NOT NULL,
  `payment_data` text COLLATE utf8mb4_unicode_ci DEFAULT NULL,
  `created_at` timestamp NULL DEFAULT NULL,
  `updated_at` timestamp NULL DEFAULT NULL,
  PRIMARY KEY (`id`),
  KEY `transactions_order_id_foreign` (`order_id`),
  CONSTRAINT `transactions_order_id_foreign` FOREIGN KEY (`order_id`) REFERENCES `orders` (`id`) ON DELETE CASCADE
) ENGINE=InnoDB AUTO_INCREMENT=7 DEFAULT CHARSET=utf8mb4 COLLATE=utf8mb4_unicode_ci;




DROP TABLE IF EXISTS unit_translations;

CREATE TABLE `unit_translations` (
  `id` bigint(20) unsigned NOT NULL AUTO_INCREMENT,
  `unit_id` bigint(20) unsigned NOT NULL,
  `locale` varchar(191) COLLATE utf8mb4_unicode_ci NOT NULL,
  `name` varchar(191) COLLATE utf8mb4_unicode_ci NOT NULL,
  `short_name` varchar(191) COLLATE utf8mb4_unicode_ci NOT NULL,
  `created_at` timestamp NULL DEFAULT NULL,
  `updated_at` timestamp NULL DEFAULT NULL,
  PRIMARY KEY (`id`),
  UNIQUE KEY `unit_translations_unit_id_locale_unique` (`unit_id`,`locale`),
  CONSTRAINT `unit_translations_unit_id_foreign` FOREIGN KEY (`unit_id`) REFERENCES `units` (`id`) ON DELETE CASCADE
) ENGINE=InnoDB AUTO_INCREMENT=49 DEFAULT CHARSET=utf8mb4 COLLATE=utf8mb4_unicode_ci;

INSERT INTO unit_translations VALUES('40','40','English','Rim','Rim','2021-10-18 14:16:13','2021-10-25 16:27:22');
INSERT INTO unit_translations VALUES('41','41','English','KG','KG','2021-10-18 14:16:22','2021-10-25 16:27:05');
INSERT INTO unit_translations VALUES('42','42','English','Pices','Pcs','2021-10-18 14:18:43','2022-03-02 19:07:14');
INSERT INTO unit_translations VALUES('43','43','English','Gram','gm','2022-01-16 12:57:17','2022-01-16 12:57:39');
INSERT INTO unit_translations VALUES('44','44','English','Pack','pack','2022-01-18 15:23:52','2022-01-18 15:23:52');
INSERT INTO unit_translations VALUES('46','46','English','milliliter','ml','2022-01-20 15:36:22','2022-01-20 15:36:22');
INSERT INTO unit_translations VALUES('47','47','English','Litter','ltr','2022-01-26 15:48:12','2022-01-26 15:48:12');



DROP TABLE IF EXISTS units;

CREATE TABLE `units` (
  `id` bigint(20) unsigned NOT NULL AUTO_INCREMENT,
  `created_at` timestamp NULL DEFAULT NULL,
  `updated_at` timestamp NULL DEFAULT NULL,
  PRIMARY KEY (`id`)
) ENGINE=InnoDB AUTO_INCREMENT=49 DEFAULT CHARSET=utf8mb4 COLLATE=utf8mb4_unicode_ci;

INSERT INTO units VALUES('40','2021-10-18 14:16:13','2021-10-18 14:16:13');
INSERT INTO units VALUES('41','2021-10-18 14:16:22','2021-10-18 14:16:22');
INSERT INTO units VALUES('42','2021-10-18 14:18:43','2021-10-18 14:18:43');
INSERT INTO units VALUES('43','2022-01-16 12:57:17','2022-01-16 12:57:17');
INSERT INTO units VALUES('44','2022-01-18 15:23:52','2022-01-18 15:23:52');
INSERT INTO units VALUES('46','2022-01-20 15:36:22','2022-01-20 15:36:22');
INSERT INTO units VALUES('47','2022-01-26 15:48:12','2022-01-26 15:48:12');



DROP TABLE IF EXISTS users;

CREATE TABLE `users` (
  `id` bigint(20) unsigned NOT NULL AUTO_INCREMENT,
  `name` varchar(191) COLLATE utf8mb4_unicode_ci NOT NULL,
  `email` varchar(191) COLLATE utf8mb4_unicode_ci NOT NULL,
  `phone` varchar(50) COLLATE utf8mb4_unicode_ci DEFAULT NULL,
  `user_type` varchar(20) COLLATE utf8mb4_unicode_ci NOT NULL,
  `role_id` bigint(20) DEFAULT NULL,
  `status` int(11) NOT NULL,
  `profile_picture` varchar(191) COLLATE utf8mb4_unicode_ci DEFAULT NULL,
  `email_verified_at` timestamp NULL DEFAULT NULL,
  `password` varchar(191) COLLATE utf8mb4_unicode_ci DEFAULT NULL,
  `provider` varchar(191) COLLATE utf8mb4_unicode_ci DEFAULT NULL,
  `provider_id` varchar(191) COLLATE utf8mb4_unicode_ci DEFAULT NULL,
  `address` text COLLATE utf8mb4_unicode_ci DEFAULT NULL,
  `remember_token` varchar(100) COLLATE utf8mb4_unicode_ci DEFAULT NULL,
  `created_at` timestamp NULL DEFAULT NULL,
  `updated_at` timestamp NULL DEFAULT NULL,
  PRIMARY KEY (`id`),
  UNIQUE KEY `users_email_unique` (`email`)
) ENGINE=InnoDB AUTO_INCREMENT=113 DEFAULT CHARSET=utf8mb4 COLLATE=utf8mb4_unicode_ci;

INSERT INTO users VALUES('1','Admin','info@qbazar.com.bd','','admin','12','1','profile_1646733291.png','2021-10-17 10:26:46','$2y$10$m5XB.6CIEowuys5CeZhiteSf6i1krQOxyTMgUwu/Y07nUAFjBbPGa','','','','FLVLPlGlXlPOL1OG3lUAVOV8twyY4QOQCHMUsc83zQsj757hEJPgGFEFsLDx','2021-10-17 10:26:46','2022-03-09 14:49:09');
INSERT INTO users VALUES('2','Emran Miah','gaziemran2@gmail.com','01623284207','customer','','1','','2021-10-18 05:52:34','$2y$10$7agJ3O5QskldMm.Az4kBzONMPQDh8xUUFz.AX6sE.Na3.00VQyVwO','','','','','2021-10-18 05:52:34','2021-10-18 05:52:34');
INSERT INTO users VALUES('4','Ashfaqul Bari','bari.zamanit@gmail.com','01959621322','customer','','1','1635156537Tulips.jpg','2021-10-18 09:47:22','$2y$10$JRbWf/igWsGU0QGDwD8tPu/9UYaEQTGksEQ/vQX/3bUEdWATt0ji.','','','Uttara','','2021-10-18 09:47:22','2021-10-25 16:08:57');
INSERT INTO users VALUES('5','ZAMAN KHAN','zamanit2008@gmail.com','01973009007','customer','','1','','2021-10-18 12:03:28','$2y$10$o1HbqGIMLNPYeu72Lhr2i.k3e3udXLd0ZCPTXLBpAMMAr/INrDQB2','','','-','','2021-10-18 12:03:28','2022-01-29 19:14:44');
INSERT INTO users VALUES('6','Md Sehirul Islam Rehi','mdsehirulislamrehi@gmail.com','01858361812','customer','','1','','2021-10-19 04:19:02','$2y$10$u.IHtJ6l4o9Y2PvPn9nQCunT7GMChHJUzGgHsU2WZhAzvYeSKrQre','','','','','2021-10-19 04:19:02','2021-10-19 04:19:02');
INSERT INTO users VALUES('7','Gazi','gazi@zaman-it.com','01763061061','customer','','1','','2021-10-25 09:52:37','$2y$10$nxlNwr8xEhvhNZQGDgcs9.Kav3LbRYx4z8pha/q2ZFWxm36Tz5rg.','','','','','2021-10-25 09:52:37','2021-10-25 09:52:37');
INSERT INTO users VALUES('8','Mizan','mizan@gimal.com','01778585363','customer','','1','','2021-10-25 10:05:05','$2y$10$D31mw5M1vY5GG7lHMSBCSO4qU03PIkEoJrcD2mLLwQGU3959T8OPu','','','','','2021-10-25 10:05:05','2021-10-25 10:05:05');
INSERT INTO users VALUES('9','Raihan','vh8456@gmail.com','79807980','customer','','1','','2021-10-27 06:53:08','$2y$10$19EoBjCxdFysePJ7vOyOPegtc5t0o4WTX8e2gnPgKxko4DWOEoBb6','','','','','2021-10-27 06:53:08','2021-10-27 06:53:08');
INSERT INTO users VALUES('10','ENGR.MD.ANISUZZAMAN TARAFDER','anistarafder@gmail.com','01711664939','customer','','1','profile_1637380094.jpg','2021-10-28 19:24:16','$2y$10$emkmSK65cQohMMdS9zW8iugUw62tBIlTfRyE2gkCPpA7Bh/VjwC6q','','','','','2021-10-28 19:24:16','2021-11-20 03:48:14');
INSERT INTO users VALUES('11','Raihan Kabir','raihanmac79@gmail.com','79807980','customer','','1','','2021-10-30 19:32:15','$2y$10$PReJw6I8YCAk2eUBj4LF7e5McKT1R.SHZ/yokkpsLuM3zpPijLCGu','','','Haven Is Home Investment 
P.O.BOX- 7288
Manzini','','2021-10-30 19:32:15','2021-10-30 19:40:47');
INSERT INTO users VALUES('12','Md.Rustom ali','biofloc507@gmail.com','01824222184','customer','','1','','2021-11-07 17:23:44','$2y$10$iGegrvJQ7ViVUWQdRT8b2.hYCypI4hUiDiFnx5z.3JZmtl7YItKg6','','','','','2021-11-07 17:23:44','2021-11-07 17:23:44');
INSERT INTO users VALUES('14','Khaleda','azrasalim14@gmail.com','01713012757','customer','','1','','2021-11-15 19:17:09','$2y$10$JcBLVtrDr/ufMRt.u2dGrONlRvGl9oAqJ8k907lwjnyBSpkbk8mXm','','','','','2021-11-15 19:17:09','2021-11-15 19:17:09');
INSERT INTO users VALUES('15','Abul ALi','abul@gmail.com','01811221122','customer','','1','profile_1637032308.jpg','2021-11-16 03:06:05','$2y$10$iA5nXD/Jli9DOz4ys4o96ubv5Xw1QZEmjBLLWET0O7NBi4K8yONN.','','','','','2021-11-16 03:06:05','2021-11-16 03:11:48');
INSERT INTO users VALUES('16','Shamsia Jafrin Shuchi','sjshuchi5@gmail.com','01557474198','customer','','1','','2021-11-16 03:09:57','$2y$10$Cgx5TdoKTP0LIiZnjKE7pONATbw/M3P9.ZlAJkQc.0Ldu./UlD.X6','','','Luxmibazar','','2021-11-16 03:09:57','2021-11-16 03:10:22');
INSERT INTO users VALUES('17','Md. Samad Hosen','abirmahmud488@gmail.com','01734522957','customer','','1','','2021-11-17 04:17:31','$2y$10$fFbgKuJ3/dkmrcZd0LyENOmK0iK73ovZWDrFfa2LifcAmCNRQzIXu','','','','','2021-11-17 04:17:31','2021-11-17 04:17:31');
INSERT INTO users VALUES('18','Md.Johir uddin tarafder','johirtarafder@gmail.com','01982049599','customer','','1','','2021-11-18 05:36:40','$2y$10$co7OnvSTaFGF/ohvP99t1uSmp/d90E.OUTKq2sgJHTIFMOFZf9SsK','','','','','2021-11-18 05:36:40','2021-11-18 05:36:40');
INSERT INTO users VALUES('19','Abu Bakar Siddique','siddique@ts-integration.net','01755631811','customer','','1','','2021-12-20 12:10:16','$2y$10$CETJRV.2FD1AmkiCOiiCI.cQeYFFIuuOOZUlh1WgXXw5GJSNryb8S','','','uttara','','2021-12-20 12:10:16','2021-12-27 17:34:30');
INSERT INTO users VALUES('30','UZZAL KUMAR ROY','zamanit.uzzal@gmail.com','01965445223','customer','','1','','','$2y$10$XXBwtzKweUAZiF.fIDjSE.P5sQ8hG0KNwTpqNymBQAst4bL2a6Jri','','','','','2022-01-08 12:23:17','2022-01-08 12:23:17');
INSERT INTO users VALUES('31','Emran Gazi','e.zamanit@gmail.com','01608728677','customer','','1','','','$2y$10$BH0hAncre9o.W97TIPWuu.SWR27fqQ73Znr1zfKx/GZ86XxlpipMi','','','','','2022-01-09 04:40:18','2022-01-09 04:40:18');
INSERT INTO users VALUES('40','Shakil Islam','shakoli@gmail.com','017878797987','customer','','1','','','$2y$10$D849lHlijCecGTVHhlYfX.Zf1wRoQCeR2mSHZ.ozU.oRdHD6yVHHi','','','','','2022-01-17 05:11:59','2022-01-17 05:11:59');
INSERT INTO users VALUES('43','Dip','antarip15@gmail.com','01713702979','customer','','1','profile_1642843136.jpg','2022-01-22 03:55:02','$2y$10$jLF7XaSh/7cAiTWQJ8MgR.7tETfAOXUQOXF1NQ3E.H35hayheE4zW','','','','bVXEuCivd9gaijGHwiFjZcTXfeHWSM3RiKibBY3YdUfEOGmPU3JFZTI6D11b','2022-01-22 03:52:15','2022-01-22 09:18:56');
INSERT INTO users VALUES('46','Mohammad Zahirul Kabir','kabirabs01@gmail.com','8801711525261','customer','','1','','2022-02-06 05:54:54','$2y$10$27eJUvOtX7VxrMLp0JDT9.hkjtWMY1s/CbksBPRSYqQCHq.xp8Czy','','','128 Tejkunipara Tejgaon Dhaka 1215
Josna B-4, Uttara Bank Len 2nd Golli.','RNThaeXPC6sUDJfUg7c0pOMAG8ut522Md3ieJl7AEgHoqEy3csJrC2UAuoY3','2022-02-06 05:54:01','2022-04-02 02:54:49');
INSERT INTO users VALUES('49','Shajjadul Bari Abir','abircu90@gmail.com','01816302331','customer','','1','','2022-02-16 10:02:10','$2y$10$22P6I1SAdSwoQPU0VXRK0eH6fhR09IqB8w7UPeoCfh0IlhExSu7Ki','','','','','2022-02-16 09:55:47','2022-02-16 10:02:10');
INSERT INTO users VALUES('62','Sabbir Hossain','sabbirsa240@gmail.com','','user','15','1','','2022-03-09 14:54:44','$2y$10$n5rJSqlG/StyxjT9tvFNjelhetu0lElIh.6GdO4cBb17t6LcOyNOC','','','','','2022-03-09 14:54:44','2022-03-10 10:19:32');
INSERT INTO users VALUES('63','Q Bazar','qbazarweb@gmail.com','01866717825','customer','','1','1647150391_avatar.jpg','2022-03-13 05:46:31','','google','114960362808222819477','dhaka','','2022-03-13 05:46:31','2022-03-13 05:47:04');
INSERT INTO users VALUES('64','Md. Shahidul haque','shaid.exotica@gmail.com','01688636379','customer','','1','','2022-03-13 13:57:34','$2y$10$ES2U3oWjJRVHlBS0W02.2uLYw9qgYPHOM1YphXkS9c1RsQqqR5Ivm','','','464/C Khilgaon','','2022-03-13 13:57:34','2022-03-14 13:10:15');
INSERT INTO users VALUES('65','Raihan','raihan@qbazar.com.bd','','user','18','1','','2022-03-14 10:27:20','$2y$10$eby6noN6mwmzKAtJiIAK.ONNVd2UnGiUwXWikM194ZGn.vYJMIWyu','','','','wq3nmWQ61BQ0d8ZHnm2WJ7bxA3Q800eNov0xb69nqrsqt2Sgd2MfBGSrjeQh','2022-03-14 10:27:20','2022-03-28 17:58:47');
INSERT INTO users VALUES('66','Ms. Syeda Zohora Khatun','soyeda.merina@gmail.com','01824674812','customer','','1','','2022-03-14 13:12:11','$2y$10$sglvwZoo5ZBrY/UtM6wHrupPcswQWOSqJ.WFYQ223xZ/Kfq2jEEgC','','','464/C, Khilgaon, Dhaka','','2022-03-14 13:12:11','2022-03-15 19:11:12');
INSERT INTO users VALUES('67','Imran Ahmed','imranafiya270@gmail.com','01921873270','customer','','1','1647242123_avatar.jpg','2022-03-14 07:15:23','','google','114167199719885471225','464/C, khilgaon, Dhaka, 1219','','2022-03-14 07:15:23','2022-03-14 07:16:00');
INSERT INTO users VALUES('68','Admin Chairperson','chairperson1122@gmail.com','01321177233','customer','','1','1647339474_avatar.jpg','2022-03-15 10:17:54','','google','111970028916735686616','House No.-27, Flat-2/B, Road-7, Dhanmondi.','','2022-03-15 10:17:54','2022-03-15 10:21:14');
INSERT INTO users VALUES('69','Md. Shahidul Haque','shahid.exotica@gmail.com','01688636379','customer','','1','1647350089_avatar.jpg','2022-03-15 13:14:49','$2y$10$084yUGvd.d3RQcGpjJURFeZ5En5nK9nal1X.h6wZl8sUv4U1fRP.u','google','101537003272386899570','464/C Khilgaon','','2022-03-15 13:14:49','2022-03-20 14:34:26');
INSERT INTO users VALUES('70','SHOHAG HOSSAIN','maharajashohag@gmail.com','','customer','','1','1647516040_avatar.jpg','2022-03-17 11:20:40','','google','108997200429448964392','','','2022-03-17 11:20:40','2022-03-17 11:20:40');
INSERT INTO users VALUES('71','Mr. Ashraful Haque','ashrafulhaque.dhk@gmail.com','01931408363','customer','','1','','2022-03-20 19:21:43','$2y$10$RCBMCPEA7O2Khv6VHzHHMudiNhyBFZ7mefIr2eEMbWYxz2pkl78nq','','','239/C (2nd floor) Khilgaon, Dhaka','','2022-03-20 19:21:43','2022-03-20 19:21:43');
INSERT INTO users VALUES('72','Syeda Hazera Khatun Ruma','syedahazera1963@gmail.com','','customer','','1','1648128194_avatar.jpg','2022-03-24 13:23:14','','google','111154578761749295593','','','2022-03-24 13:23:14','2022-03-24 13:23:14');
INSERT INTO users VALUES('73','pappo wahid','pappow@gmail.com','01791001818','customer','','1','1648224137_avatar.jpg','2022-03-25 16:02:17','','google','102179190051241686872','Kha 116/1 South Badda Dhaka 1212','','2022-03-25 16:02:17','2022-03-25 22:13:11');
INSERT INTO users VALUES('81','Nousat Ahmed Tanvir','n.htanvir9280@gmail.com','','customer','','1','1648278223_avatar.jpg','2022-03-26 07:03:43','','google','106135718137464251181','','','2022-03-26 07:03:43','2022-03-26 07:03:43');
INSERT INTO users VALUES('82','pappu','bdelectricalmkt201@gmail.com','01791001818','customer','','1','','2022-03-26 09:55:30','$2y$10$kfh2L1P8yHMibaT8v76c.OZ7yVAxJ0OpfcQw601uQ11m6VhIlnX3O','','','','','2022-03-26 09:55:30','2022-03-26 09:55:30');
INSERT INTO users VALUES('83','Mr. Wahiduzzaman','mwzaman60@gmail.com','','admin','21','1','','2022-03-26 19:16:37','$2y$10$0DCt2htc7/tYBTfkoAElceEt1s1ypjIKVv4w0pALLQI69XMkaalUq','','','','','2022-03-26 19:16:37','2022-03-26 19:16:37');
INSERT INTO users VALUES('90','Tajdir Ahmed','tajdirengineeringco@gmail.com','+880 17 2009 1080','customer','','1','','2022-03-28 06:46:47','$2y$10$7UAQEzGXdqJrD7kfOtyTLOCPlkN1yva3bX4IExoRVtuoYzFjQYhDO','','','House No.-48, Flat-C/3, Road-8/A, Dhanmondi.
Evergreen Meena','','2022-03-28 06:46:47','2022-04-02 07:10:42');
INSERT INTO users VALUES('94','Nasir Uddin','nasirmustafa024@gmail.com','+8801972771401','customer','','1','','2022-03-28 13:07:28','$2y$10$NXlVJ7fM2u.APGHPCWkNbe9Rqlqb8z0IdrsGDszYMQeIx./YPhi6W','','','','','2022-03-28 13:07:28','2022-03-28 13:07:28');
INSERT INTO users VALUES('96','HMS Restaurant','hmsrestaurant@yahoo.com','0199204934','customer','','1','','2022-03-29 11:00:51','$2y$10$SayVpKt94PyAQCwfgFJlmuTYk91pTGfwbZPSDjd2WyAMleeeYx5S6','','','HMS Tower, Nakhalpara, Dhaka','','2022-03-29 11:00:51','2022-03-29 11:02:02');
INSERT INTO users VALUES('98','Tanveer Hussain','macsystembd@gmail.com','+8801711522510','customer','','1','','2022-03-29 17:50:27','$2y$10$2lGI3VsXxwf58K00B5OmiOUrTUWprDGouIEIBGA80G2/ehGrnk8xW','','','128 Tejkunipara, Tejgaon, Dhaka - 1215
Josna - A4','','2022-03-29 17:50:27','2022-03-29 18:26:34');
INSERT INTO users VALUES('99','Md Nurul Haque','nuralhaque590@gmail.com','+880 16 8005 0092','customer','','1','','2022-03-30 13:08:55','$2y$10$OSmi.jI8i/tEQ4BvSTBq1eIHVh/o8ZGvgWcmVQG6VdLSWEiZ8VMw2','','','Avenue-6,Road-8,H-531
Mirpur DOSH','','2022-03-30 13:08:55','2022-03-30 13:11:01');
INSERT INTO users VALUES('100','Reza H Khan','remo.prolog@gmail.com','','customer','','1','1648649256_avatar.jpg','2022-03-30 14:07:36','','google','116595188207288864062','','','2022-03-30 14:07:36','2022-03-30 14:07:36');
INSERT INTO users VALUES('101','Reza Haq','rezahk1905@yahoo.com','01815 488805','customer','','1','','2022-03-30 15:36:14','$2y$10$lvVLyL3PXYqbc1G2Q08ncuffH1TLWuFUgI3Ljkfz/U8mFT6/oSG/m','','','','','2022-03-30 15:36:14','2022-03-30 15:36:14');
INSERT INTO users VALUES('103','MEHEDI HASAN','mdmehedihasan221@gmail.com','2111','customer','','1','1648703317_avatar.jpg','2022-03-31 05:08:37','','google','118048121862630051655','efw','','2022-03-31 05:08:37','2022-03-31 05:08:54');
INSERT INTO users VALUES('104','Adibur Rahman','adiburadib2002rahman@gmail.com','01882434005','customer','','1','','2022-03-31 06:23:06','$2y$10$amoYvwE6lCnEHCZIYrPAaOkc38AlCQ.4O9VwIYZBGxC9a6N5c16Pe','','','','','2022-03-31 06:23:06','2022-03-31 06:23:06');
INSERT INTO users VALUES('105','Afsarun Nahar Silvy','afsarunnaharsilvy79@gmail.com','01716721218','customer','','1','','2022-03-31 07:16:40','$2y$10$dMuprxnleO.gcPH4RY7iUeK3ckt0IXXW5CrUjnXZFAnvuvIXtqxJa','','','khilgaon/taltola, dhaka','','2022-03-31 07:16:40','2022-03-31 11:30:48');
INSERT INTO users VALUES('106','mehedi hasan','mh271786@gmail.com','01941697253','customer','','1','1648717127_avatar.jpg','2022-03-31 08:58:47','','google','114766759130538296793','sdnbsnb','','2022-03-31 08:58:47','2022-04-04 04:19:23');
INSERT INTO users VALUES('107','Syeda Hasina Khatun','syedahasina1970@gmail.com','01321177234','customer','','1','','2022-03-31 13:05:38','$2y$10$W1G24mw/kv423WSAplbC5ezigSQBukxLE7susO.hyhPkHvQmpYcQW','','','468/C (third floor),khilgaon, dhaka','','2022-03-31 13:05:38','2022-04-04 04:30:49');
INSERT INTO users VALUES('108','Syeda Hazera Khatun','syedahazera123@gmail.com','01321177234','customer','','1','','2022-03-31 13:52:37','$2y$10$.P/L5MLpu7qhiAGozeq1BeRBSysj/97.aQ0B6a8quHOnXNhS8dADG','','','464/C (2nd floor) khilgaon, dhaka','','2022-03-31 13:52:37','2022-04-04 06:04:13');
INSERT INTO users VALUES('109','Md. Manzurul Alam','manzurulalamtamzid674@gmail.com','01616866637','customer','','1','','2022-03-31 18:20:42','$2y$10$s6iQ7Lb8FcnRTnyknSB00uKAw4UsvWaAxQ1pPwI5QpkJTTNZF0LBm','','','Gopibag 2nd lane, House no 4 (Imperial tower), Flat no C4, Motijheel, Dhaka','','2022-03-31 18:20:42','2022-03-31 18:47:08');
INSERT INTO users VALUES('110','tarikul','tarikul@gmail.com','123456','delivery_boy','','1','','2022-04-04 12:24:45','$2y$10$UJyYpLiCIID6Cd.z0Ugrl.jDD9SGYy54WmwdjAzVd2K3HlRh8ZF8a','','','dhaka','','2022-04-04 12:24:45','2022-04-04 12:24:45');
INSERT INTO users VALUES('111','MD. MEHEDI HASAN MIAZI','1000615@daffodil.ac','','customer','','1','1649053645_avatar.jpg','2022-04-04 06:27:25','','google','109016958262051994009','','','2022-04-04 06:27:25','2022-04-04 06:27:25');
INSERT INTO users VALUES('112','Syeda Zahanara Khatun','syedashimu001@gmail.com','01712263588','customer','','1','','2022-04-05 10:32:47','$2y$10$PQJBaud5yb0ed/FypJb3ZO13Fs3LaCf2KsVs1s6pIIavPml6hYS5O','','','464/C (2nd floor right side) khilgaon, dhaka','','2022-04-05 10:32:47','2022-04-05 10:37:49');



